Codon,alpha,beta,beta-alpha,Posterior Prob Positive Selection,Posterior Prob Negative Selection,Potential Scale Reduction Factor,Effective sample size,Estimated variance of the posterior prob of positive selection,Empirical Bayes Factor
1,0.816009,0.0722249,-0.743784,0.0899458,0.874741196430193,1.00397742129147,560.897888174608,0.000294869948841213,0.283888
2,0.4197,0.255974,-0.163726,0.266807,0.671095811451069,1.00584393749943,465.758580003547,0.00151131315095636,1.04523
3,0.268909,0.257055,-0.0118536,0.472161,0.463954180008919,1.00601483531607,458.657110615908,0.00204800099459433,2.56934
4,0.427312,0.268584,-0.158728,0.279055,0.657338042689059,1.00599978323888,459.273731110566,0.00159071815824314,1.11178
5,0.314825,0.100519,-0.214307,0.180633,0.765031875044576,1.00839369496522,378.607397644625,0.000877844102071047,0.633216
6,0.306146,0.0893743,-0.216772,0.16587,0.778396420268619,1.009676506262,346.201262574926,0.000900074409067952,0.571173
7,0.249984,0.134547,-0.115437,0.280798,0.652530867031571,1.00971349014395,345.350719949947,0.00151568715115308,1.12144
8,0.320737,0.0820488,-0.238689,0.146696,0.800368698310053,1.00967834961691,346.158768322789,0.000781277173166836,0.493795
9,0.278859,0.284308,0.00544819,0.494574,0.442005898070962,1.00578754405654,468.15126530823,0.00195406348066321,2.81065
10,0.314825,0.100519,-0.214307,0.180633,0.765031875044576,1.00839369496522,378.607397644625,0.000877844102071047,0.633216
11,0.379645,0.334085,-0.0455601,0.378882,0.550458357972408,1.00592539135125,462.346176404728,0.00209228723706934,1.75212
12,0.493564,0.24915,-0.244414,0.226771,0.716277812944025,1.00711856470814,417.61199541985,0.00123580532639013,0.842388
13,0.603943,0.326613,-0.27733,0.188111,0.744560215450519,1.00645953863206,441.169591134485,0.00146173736680726,0.665502
14,0.494331,0.0856921,-0.408639,0.0627714,0.916853935119049,1.00255890269323,664.573439152508,0.000118048000134056,0.192375
15,0.523657,0.0941826,-0.429475,0.0684792,0.910165795098979,1.00104150475343,829.258754871892,0.00013099576656736,0.211154
16,0.450783,0.241298,-0.209485,0.232045,0.710274257518571,1.00658367268873,436.527602036192,0.00127325441667105,0.867902
17,0.330754,0.114696,-0.216058,0.195977,0.751616405774538,1.00682552543862,427.763142390406,0.000833841415832725,0.700115
18,0.295445,0.255264,-0.0401813,0.441451,0.495403251966271,1.00673180529345,431.116611045986,0.00195774227739305,2.27015
19,0.492165,0.0931652,-0.399,0.0711494,0.906727732299749,1.00270028362769,652.529253209542,0.000143866952111596,0.220018
20,0.708988,0.0782663,-0.630721,0.0275729,0.961488326638959,1.00047390629061,914.271683382515,2.962519352626e-05,0.0814438
21,0.273111,0.238335,-0.0347762,0.439826,0.496271885930178,1.00685064317793,426.87338976238,0.00208698739761933,2.25523
22,0.280851,0.363509,0.0826585,0.605936,0.330178471311269,1.00581600201745,466.940723670942,0.0020214946783374,4.41666
23,0.319608,0.0863675,-0.23324,0.154577,0.792192347360599,1.00930842016779,354.905829474603,0.000803149922300257,0.525173
24,0.482008,0.248863,-0.233145,0.230255,0.712294729526184,1.00696977085026,422.704298838545,0.00125966041046793,0.859202
25,0.320737,0.0820488,-0.238689,0.146696,0.800368698310053,1.00967834961691,346.158768322789,0.000781277173166836,0.493795
26,0.401349,0.363001,-0.0383477,0.426014,0.493989877473003,1.0065045260052,439.475728408471,0.00278002083481586,2.13184
27,0.310122,0.0891517,-0.22097,0.16362,0.78138957500412,1.00950734228853,350.146874537072,0.000872542300448898,0.561909
28,0.276579,0.0978143,-0.178765,0.197556,0.740401475138536,1.01033624240397,331.644504386174,0.00117631844232671,0.707145
29,0.225917,0.138107,-0.0878098,0.310862,0.61648823942688,1.01106762455047,316.903073990942,0.0018629678756592,1.29567
30,0.317264,0.0959112,-0.221352,0.171797,0.774364085016258,1.00860758110267,372.780180320594,0.000848868616888009,0.595815
31,0.420959,0.105292,-0.315667,0.0972976,0.874996699544952,1.00713165196494,417.170069320594,0.000255039854605947,0.309593
32,0.96813,0.0639638,-0.904166,0.00842201,0.98725356413097,1.01220874768684,296.404061638603,4.49079345546854e-06,0.0243962
33,1.25574,0.0767678,-1.17897,0.00708993,0.989101761420379,1.01694972340805,234.049115492721,3.61979411042057e-06,0.02051
34,0.323711,0.0947896,-0.228921,0.167059,0.780168900657215,1.00837836173728,379.032294613701,0.00080821300848413,0.576089
35,0.310122,0.0891517,-0.22097,0.16362,0.78138957500412,1.00950734228853,350.146874537072,0.000872542300448898,0.561909
36,0.472024,0.086431,-0.385593,0.0662942,0.912388839948392,1.00393741936943,563.371198515207,0.000132628453690707,0.203938
37,0.308445,0.0962748,-0.21217,0.176648,0.767971523054776,1.00899826980658,362.595388213962,0.000906325654554848,0.616249
38,0.31803,0.0927103,-0.22532,0.166051,0.780307426327071,1.00882720101613,366.98417806143,0.000833841297857217,0.571921
39,0.768547,0.0683529,-0.700194,0.0195492,0.972238503939272,1.00159246006219,760.713402182482,1.5821392007458e-05,0.0572713
40,0.438835,0.0868627,-0.351972,0.0715474,0.905676886878934,1.00610371660424,455.050060877641,0.000157639712961647,0.221344
41,0.471603,0.388344,-0.0832598,0.402794,0.515804680369284,1.00709710697038,418.338640176057,0.00278971139618567,1.93728
42,0.438471,0.0877288,-0.350742,0.072632,0.904377315871922,1.00612087810562,454.360233242512,0.000161278478934885,0.224962
43,0.565959,0.0825388,-0.48342,0.0527603,0.929560638033869,0.999247636465692,1175.27632181565,8.29977345380729e-05,0.159986
44,0.308566,0.0957645,-0.212801,0.175713,0.768934460789305,1.00903483977461,361.671049976004,0.000903836572695005,0.612292
45,0.291289,0.105018,-0.186271,0.200866,0.740492866833479,1.00918704961991,357.874962144663,0.00105728454737509,0.721972
46,0.398963,0.253549,-0.145414,0.275613,0.661405147086012,1.00545368033568,482.844779809521,0.00157202497083399,1.09286
47,0.285196,0.25619,-0.0290055,0.452725,0.483811029066918,1.00644636020089,441.668303658946,0.0019919334581135,2.37609
48,0.526924,0.0760819,-0.450842,0.0495546,0.933232538156346,1.00078941612183,864.962486547341,7.81650244389462e-05,0.149758
49,0.505938,0.453637,-0.0523009,0.431737,0.482011116927249,1.00715695728785,416.318263554793,0.00300236551485904,2.18224
50,0.473037,0.381617,-0.09142,0.396373,0.522824027800895,1.00706441185773,419.450792136262,0.00275367483037366,1.88612
51,0.567842,0.0784836,-0.489359,0.0487032,0.934557457640377,0.999150404960705,1202.55100362719,7.28233640365764e-05,0.147053
52,0.691711,0.0788191,-0.612892,0.0287476,0.959932383337149,1.00056198357385,899.944999044937,3.19122666675214e-05,0.0850165
53,0.494436,0.0848475,-0.409589,0.0618481,0.917972328614213,1.0025527161436,665.11074920371,0.000115350548277219,0.189359
54,0.494522,0.251803,-0.242719,0.229787,0.712806254907728,1.00711108414733,417.865025043382,0.00125724684816435,0.856937
55,0.306146,0.0893743,-0.216772,0.16587,0.778396420268619,1.009676506262,346.201262574926,0.000900074409067952,0.571173
56,0.743527,0.0775412,-0.665986,0.0256256,0.964083738761764,1.00062274568618,890.322457456669,2.60488683373309e-05,0.0755407
57,0.463494,0.082918,-0.380576,0.0634514,0.915713627131524,1.00451350466945,529.756493929499,0.000125925739585236,0.194601
58,0.599579,0.328287,-0.271292,0.19081,0.741418051572497,1.00642575736884,442.450281157152,0.00148859928713899,0.677305
59,0.497679,0.0855902,-0.412089,0.0622813,0.917476587748087,1.00236350131108,681.97966093188,0.000116095176702979,0.190774
60,0.28437,0.120585,-0.163785,0.231051,0.709143677142803,1.00868120314821,370.816500390109,0.00114730291707483,0.863066
61,0.278582,1.1484,0.869818,0.926715,0.0356363999611919,1.00403246695861,557.530191474086,0.000873554185415605,36.3216
62,0.467177,0.0945913,-0.372586,0.0761745,0.900485994106663,1.00422977372602,545.78855279753,0.000165149509883442,0.236839
63,0.271132,0.291596,0.0204635,0.511386,0.425330653097103,1.00553797888754,479.046996799909,0.00195134517222054,3.00619
64,0.275884,1.01566,0.739779,0.896961,0.061165267573391,1.00551114681694,480.249222808396,0.000971690193653496,25.0037
65,0.270002,0.233266,-0.0367354,0.435463,0.500464660273617,1.00704057677174,420.265365500239,0.00212004471149428,2.2156
66,0.280103,0.453894,0.17379,0.69781,0.239884419798459,1.00608946082815,455.624710960231,0.00198251232835185,6.63271
67,0.827918,0.0759846,-0.751933,0.0346644,0.952836788171528,0.998030574188056,1642.30930001129,3.76720204103026e-05,0.103143
68,0.52363,0.0846407,-0.438989,0.0585673,0.922191201044942,1.00096859050098,839.276359149761,0.0001021446459216,0.17869
69,0.272718,1.16331,0.890587,0.931922,0.0329435838168477,1.00403502076544,557.374944143797,0.0007638730040531,39.3194
70,0.285751,0.236111,-0.0496398,0.422656,0.514028799302424,1.00728622306511,412.021719687681,0.0020303055207481,2.10274
71,0.304493,0.0965076,-0.207985,0.179006,0.764897274909084,1.00916751486252,358.357597070874,0.000933834085108162,0.62627
72,0.825837,0.0765753,-0.749261,0.0219624,0.969005128187282,1.00208657289317,708.289564332956,2.00407723790617e-05,0.0644998
73,0.651556,0.466929,-0.184627,0.318113,0.584710389785711,1.00577536152159,468.671436954976,0.00321241220701564,1.33999
74,0.291289,0.105018,-0.186271,0.200866,0.740492866833479,1.00918704961991,357.874962144663,0.00105728454737509,0.721972
75,0.447658,0.395806,-0.0518526,0.422713,0.495245133088998,1.00707259922254,419.17172718817,0.0028578403628026,2.10324
76,0.325465,0.0877695,-0.237695,0.154534,0.793176547374512,1.00888881200262,365.391094640987,0.000774760852642834,0.525001
77,0.762909,0.0683735,-0.694536,0.0197438,0.971973173686808,1.00148515093266,773.152379794304,1.6090194651894e-05,0.0578527
78,0.971511,0.354657,-0.616854,0.176508,0.759768488037818,1.00568183766564,472.704204107058,0.00149369816373398,0.615657
79,1.2522,0.0762616,-1.17594,0.00703636,0.989185106156104,1.01706292516785,232.88766447148,3.56623593911678e-06,0.0203539
80,0.524209,0.0846247,-0.439584,0.0584942,0.922284372790646,1.0009403081403,843.228095502158,0.000101877832664767,0.178453
81,0.308566,0.0957645,-0.212801,0.175713,0.768934460789305,1.00903483977461,361.671049976004,0.000903836572695005,0.612292
82,0.510477,0.114502,-0.395974,0.0721179,0.904776870722589,1.00882336790864,367.083760057207,0.000172061624839893,0.223246
83,0.41035,0.0839966,-0.326354,0.124333,0.833065220221283,1.00520112441582,494.598089249444,0.00047609761378671,0.407831
84,0.325465,0.0877695,-0.237695,0.154534,0.793176547374512,1.00888881200262,365.391094640987,0.000774760852642834,0.525001
85,0.746946,0.0718064,-0.675139,0.0221786,0.968694919689013,1.00100457463849,834.302197471686,1.99063886688929e-05,0.065149
86,0.246235,0.136152,-0.110082,0.286833,0.645696030162614,1.00985769815955,342.074686056991,0.00156295028791363,1.15524
87,0.396344,0.121485,-0.274859,0.123848,0.843934625680761,1.00847579673065,376.348722223541,0.000372467218442637,0.406017
88,0.311092,0.0852377,-0.225854,0.156387,0.788851689585176,1.00982390218905,342.836729364229,0.000852975972620042,0.532465
89,0.809503,0.0696831,-0.73982,0.0189435,0.973077026160614,1.00240881002192,677.861963753446,1.51163190120741e-05,0.0554627
90,0.304493,0.0965076,-0.207985,0.179006,0.764897274909084,1.00916751486252,358.357597070874,0.000933834085108162,0.62627
91,0.719969,0.413617,-0.306352,0.264022,0.649241346432994,1.00615539198765,452.979324864416,0.00257381021327336,1.03041
92,0.324181,0.0928553,-0.231326,0.163627,0.783730616956331,1.00850943540928,375.431220726835,0.000799220980992819,0.561936
93,0.325465,0.0877695,-0.237695,0.154534,0.793176547374512,1.00888881200262,365.391094640987,0.000774760852642834,0.525001
94,0.253817,0.423251,0.169434,0.711902,0.22856717322232,1.00574309738466,470.054748793622,0.00184873676778631,7.09761
95,0.480489,0.274017,-0.206472,0.261572,0.676487366349412,1.00691545080487,424.594999153272,0.00148114483342514,1.01746
96,0.528274,0.292586,-0.235689,0.26502,0.671998833815039,1.00764247179698,400.635003716059,0.00151293618466478,1.0357
97,0.323837,0.0942865,-0.22955,0.16616,0.781102753000289,1.00841484537926,378.022893986311,0.000805743576161607,0.572371
98,0.255501,0.25989,0.00438956,0.493093,0.442839368864502,1.00563367395513,474.808673504904,0.00208389720307142,2.79404
99,1.01162,0.359447,-0.652172,0.174378,0.761763878222453,1.00550147661562,480.684005898748,0.00147369841780921,0.606659
100,0.910084,0.129181,-0.780904,0.165226,0.793577409862734,1.00112820682067,817.656486114566,0.000477053995058152,0.568517
101,0.525378,0.075904,-0.449474,0.0495044,0.933279514613273,1.00086552218567,853.86074473687,7.82102400340807e-05,0.149598
102,0.302672,0.104981,-0.197691,0.194297,0.749221585211552,1.00867016906453,371.109460090386,0.000970617270506636,0.692668
103,0.534744,0.0960582,-0.438686,0.0692041,0.90935152672919,1.00056250175338,899.862051218158,0.000131955807538946,0.213555
104,0.304406,0.0969158,-0.20749,0.179742,0.764143452997388,1.00914407958909,358.938357535717,0.00093552755283314,0.629407
105,0.336667,0.0892023,-0.247465,0.152611,0.796744768136963,1.00819321532755,384.240752941501,0.000723248012209582,0.517292
106,0.991239,0.0744456,-0.916794,0.0109997,0.983433702631481,1.0102497159545,333.48196154726,7.55355446175314e-06,0.0319462
107,0.807773,0.065991,-0.741782,0.0171393,0.975516185427472,1.00276408685021,647.237294336679,1.25397141875843e-05,0.0500881
108,0.290455,0.363181,0.0727261,0.595523,0.340005277451392,1.00595416023136,461.153055198934,0.00204913269486677,4.229
109,0.666933,0.239298,-0.427636,0.126676,0.829439740974126,1.00785698930559,394.082520223422,0.000668243264642451,0.416631
110,0.278859,0.284321,0.00546223,0.494589,0.441990717450281,1.00578743745231,468.155812021622,0.00195403569391116,2.81082
111,0.320737,0.0820488,-0.238689,0.146696,0.800368698310053,1.00967834961691,346.158768322789,0.000781277173166836,0.493795
112,0.279981,0.25226,-0.027721,0.452742,0.483641589944924,1.00644056186576,441.888094145048,0.00201934635190379,2.37625
113,0.53808,0.0818362,-0.456244,0.0543689,0.927415652867856,1.00028480321883,946.640742942782,8.93641967947069e-05,0.165144
114,0.314257,0.109618,-0.204639,0.195804,0.749597250789839,1.00786583271789,393.817081467736,0.000907743805974281,0.699348
115,0.494426,0.0853163,-0.40911,0.0623501,0.917362413833882,1.00254745710341,665.568195347239,0.000116829687096892,0.190998
116,0.320458,0.109249,-0.211208,0.19217,0.754177858738352,1.00759053014837,402.255117723789,0.000870922830938173,0.683279
117,0.325465,0.0877695,-0.237695,0.154534,0.793176547374512,1.00888881200262,365.391094640987,0.000774760852642834,0.525001
118,0.43863,0.0877222,-0.350908,0.0725984,0.904419843693338,1.00611078252761,454.765779617048,0.000161118030698139,0.22485
119,0.276473,0.0983306,-0.178142,0.198559,0.73939003942462,1.01029992456337,332.413213292898,0.00117867701419415,0.711623
120,0.325465,0.0877695,-0.237695,0.154534,0.793176547374512,1.00888881200262,365.391094640987,0.000774760852642834,0.525001
121,0.320458,0.109249,-0.211208,0.19217,0.754177858738352,1.00759053014837,402.255117723789,0.000870922830938173,0.683279
122,0.426883,0.241494,-0.18539,0.243083,0.697751958323093,1.00614195106175,453.516083420993,0.00135295224639887,0.922445
123,0.467231,0.0945892,-0.372642,0.0761639,0.900499177331991,1.00422638009873,545.986267240944,0.00016510177597011,0.236803
124,0.491955,0.0932316,-0.398723,0.07125,0.906605038594758,1.00271260616253,651.500387979355,0.000144220853862375,0.220353
125,0.405963,0.238422,-0.167541,0.249677,0.690334953851189,1.00581804862374,466.853910563661,0.00140385941351301,0.955791
126,0.304637,0.114575,-0.190062,0.208917,0.734864967732656,1.00805570795849,388.204562388629,0.000982109145946944,0.75855
127,0.246235,0.136152,-0.110082,0.286833,0.645696030162614,1.00985769815955,342.074686056991,0.00156295028791363,1.15524
128,0.264949,0.372661,0.107712,0.63213,0.305547056479011,1.00564179072196,474.452685689747,0.00193801212961731,4.93565
129,0.294036,0.0900912,-0.203945,0.173343,0.768451776849131,1.01016947714419,335.204613487708,0.000994683811140452,0.602301
130,0.766497,0.0938714,-0.672626,0.0343852,0.952370323087505,0.999972734755072,1005.42804388547,4.53380724743631e-05,0.102282
131,0.698375,0.0873858,-0.610989,0.0339587,0.953035807850707,1.00023169846426,956.150592805356,4.3576313777486e-05,0.100969
132,0.473049,0.0731661,-0.399882,0.0515398,0.930262139979356,1.00399974336909,559.527263517841,9.06023374591476e-05,0.156083
133,0.739147,0.0775791,-0.661568,0.0258427,0.963794405580131,1.00058166474075,896.805319158949,2.64252889649271e-05,0.0761979
134,0.474688,0.11598,-0.358709,0.0790491,0.896435425744005,1.011663651214,305.846112699739,0.000203829553330967,0.246543
135,0.289499,0.0937446,-0.195755,0.182356,0.758489706531883,1.01007143258024,337.334418560074,0.00104367929521415,0.640602
136,0.320661,0.108259,-0.212402,0.190501,0.755900935683859,1.00763170492108,400.969740126824,0.000867030000809263,0.675947
137,0.268044,0.732498,0.464454,0.829918,0.120067824247623,1.00632309894724,446.389036373929,0.00132452127129618,14.0155
138,0.494764,0.252097,-0.242667,0.230074,0.712480327834936,1.00711334987757,417.788353862787,0.00125922702215367,0.858323
139,0.336667,0.0892023,-0.247465,0.152611,0.796744768136963,1.00819321532755,384.240752941501,0.000723248012209582,0.517292
140,0.272668,0.588871,0.316203,0.784679,0.158687381190195,1.00635307033407,445.231752366016,0.0016799001539848,10.4674
141,0.314952,0.106263,-0.208689,0.190036,0.75553710517464,1.00801889887496,389.279820953051,0.000894186795250603,0.673914
142,0.537929,0.0831291,-0.4548,0.0556923,0.925799450805545,1.00030516297156,943.045145244024,9.28506128698977e-05,0.169401
143,0.910084,0.129181,-0.780904,0.165226,0.793577409862734,1.00112820682067,817.656486114566,0.000477053995058152,0.568517
144,0.451542,0.362496,-0.0890459,0.390882,0.529713627695782,1.00686085659722,426.512673592472,0.00268716450682781,1.84322
145,0.311092,0.0852377,-0.225854,0.156387,0.788851689585176,1.00982390218905,342.836729364229,0.000852975972620042,0.532465
146,1.01104,0.0754413,-0.935603,0.0108559,0.983622791601991,1.01075881343335,322.960560454475,7.45060888128744e-06,0.0315238
147,0.715986,0.24615,-0.469837,0.124852,0.831414536856238,1.00811668172563,386.436676657902,0.000668295966756723,0.409777
148,0.504433,0.104761,-0.399671,0.0820884,0.893690739638259,1.00210746558256,706.233251283086,0.0001775979997981,0.256871
149,0.488139,0.250403,-0.237736,0.230146,0.712407585152271,1.00703569104492,420.432735164569,0.00125940603370823,0.858673
150,0.495122,0.0748426,-0.42028,0.0511372,0.931002622096007,1.00255574293134,664.847758914917,8.6011027129396e-05,0.154799
151,0.275044,0.256919,-0.018125,0.464839,0.471424638853055,1.00616940635419,452.421040344117,0.00202654060060519,2.49489
152,0.530339,0.0721324,-0.458207,0.0453484,0.938427929142638,1.00063046478241,889.114864124234,6.77646733465361e-05,0.136443
153,0.460226,0.404365,-0.0558607,0.421908,0.495459480558239,1.00714703550748,416.651819350913,0.00287482971392981,2.0963
154,0.256473,1.79432,1.53785,0.980341,0.0026731346710751,1.00136982824466,786.986573211846,0.000324636903146864,143.235
155,0.317264,0.0959112,-0.221352,0.171797,0.774364085016258,1.00860758110267,372.780180320594,0.000848868616888009,0.595815
156,0.316284,0.250156,-0.066128,0.416902,0.520759269615526,1.00740100715507,408.281528380436,0.00189211041677518,2.05365
157,0.44616,0.078698,-0.367462,0.0609158,0.918535585960663,1.00572015427789,471.043485236709,0.000122618538569353,0.18632
158,1.5986,1.15966,-0.438941,0.297149,0.393472612686569,0.999816310292543,1037.75410223693,0.0218507636614875,1.21435
159,1.22247,0.273095,-0.949373,0.0591594,0.90902185165584,1.00735430239515,409.795005248188,0.000277013293956574,0.18061
160,0.274326,0.507787,0.233461,0.728996,0.211406343512446,1.00619138617362,451.548252445853,0.00180119967028092,7.7265
161,0.526266,1.59744,1.07117,0.856293,0.03222061143966,1.00208119411963,708.820917882344,0.0109639044561987,17.115
162,0.32663,0.0833383,-0.243292,0.146555,0.801476320503753,1.00925592741467,356.183779894802,0.000752763600612923,0.49324
163,0.314952,0.106263,-0.208689,0.190036,0.75553710517464,1.00801889887496,389.279820953051,0.000894186795250603,0.673914
164,0.53509,0.0960638,-0.439026,0.0691709,0.909393340001989,1.00054773197887,902.232389630016,0.000131818678414858,0.213445
165,0.32663,0.0833383,-0.243292,0.146555,0.801476320503753,1.00925592741467,356.183779894802,0.000752763600612923,0.49324
166,0.323464,0.0859144,-0.237549,0.152234,0.795187187279839,1.00915962167347,358.552987355158,0.00077977368729607,0.515785
167,0.403282,0.121329,-0.281954,0.121529,0.846687704399082,1.00812666108054,386.148895774124,0.00035892105223034,0.397361
168,0.323837,0.0942865,-0.22955,0.16616,0.781102753000289,1.00841484537926,378.022893986311,0.000805743576161607,0.572371
169,0.910084,0.129181,-0.780904,0.165226,0.793577409862734,1.00112820682067,817.656486114566,0.000477053995058152,0.568517
170,0.249984,0.134547,-0.115437,0.280798,0.652530867031571,1.00971349014395,345.350719949947,0.00151568715115308,1.12144
171,0.262727,0.363519,0.100792,0.62779,0.309787576979224,1.00551454383198,480.096678796515,0.00195228126463458,4.84461
172,0.513715,0.368666,-0.145049,0.36627,0.555081201207607,1.00702787744494,420.700686899679,0.00260245469870124,1.66009
173,0.415202,0.569715,0.154514,0.543758,0.372713631184107,1.00733506830604,410.421618254013,0.00309851653143418,3.42329
174,0.285489,0.487669,0.20218,0.708718,0.22932535063121,1.00623159487218,449.960452072152,0.00193601084310462,6.98864
175,0.278948,0.281215,0.00226741,0.49102,0.445522348295331,1.00581585535447,466.946946092919,0.00196030887170831,2.77097
176,0.565217,0.0825636,-0.482653,0.0528434,0.929453984674593,0.999271821075917,1168.68448583683,8.32623614952945e-05,0.160252
177,1.34302,0.0931252,-1.2499,0.009247,0.985619427576393,1.01333103789042,278.731156391552,5.98415611402539e-06,0.0268083
178,0.308445,0.0962748,-0.21217,0.176648,0.767971523054776,1.00899826980658,362.595388213962,0.000906325654554848,0.616249
179,0.493977,0.0788207,-0.415156,0.055452,0.925730098411144,1.00259272378691,661.651484715413,9.75462796265874e-05,0.168627
180,0.674529,0.565671,-0.108858,0.31866,0.565364170148211,1.00303762992329,625.499889680683,0.00425718837433809,1.34338
181,0.523587,0.0817237,-0.441864,0.0555767,0.925837747398855,1.00096274701754,840.089770349894,9.40054807392514e-05,0.169028
182,0.398859,0.255172,-0.143687,0.277945,0.658819523827228,1.00544155414372,483.396122961174,0.00158660982112783,1.10566
183,0.304612,0.0959969,-0.208615,0.178064,0.765865584737279,1.00920412764369,357.454111123468,0.000931348407648374,0.622259
184,0.816009,0.0722249,-0.743784,0.0899458,0.874741196430193,1.00397742129147,560.897888174608,0.000294869948841213,0.283888
185,0.308445,0.0962748,-0.21217,0.176648,0.767971523054776,1.00899826980658,362.595388213962,0.000906325654554848,0.616249
186,0.31803,0.0927103,-0.22532,0.166051,0.780307426327071,1.00882720101613,366.98417806143,0.000833841297857217,0.571921
187,0.323837,0.0942865,-0.22955,0.16616,0.781102753000289,1.00841484537926,378.022893986311,0.000805743576161607,0.572371
188,0.498094,0.346904,-0.151191,0.352079,0.571478517881317,1.00685594350901,426.68611588728,0.0024782638437545,1.56081
189,0.28966,0.841499,0.551839,0.836505,0.111541537042724,1.00606363724869,456.669425789474,0.0013833724646107,14.6959
190,0.53534,0.0960586,-0.439281,0.0691397,0.909432333226251,1.000537071649,903.951060324615,0.000131697304007058,0.213342
191,0.319608,0.0863675,-0.23324,0.154577,0.792192347360599,1.00930842016779,354.905829474603,0.000803149922300257,0.525173
192,0.335544,0.0935854,-0.241959,0.160271,0.788748622057607,1.00788234232823,393.322512879611,0.00074377754361511,0.548214
193,0.395695,0.121552,-0.274143,0.124137,0.843596816164597,1.00850766592925,375.479369870436,0.000374020820260657,0.407096
194,0.314257,0.109618,-0.204639,0.195804,0.749597250789839,1.00786583271789,393.817081467736,0.000907743805974281,0.699348
195,0.27821,0.266418,-0.0117923,0.473873,0.462523554159386,1.00601531158069,458.637627524614,0.00199369616027095,2.58705
196,0.910084,0.129181,-0.780904,0.165226,0.793577409862734,1.00112820682067,817.656486114566,0.000477053995058152,0.568517
197,0.441865,0.0742486,-0.367616,0.0563573,0.923969098334876,1.00609111288067,455.558041159077,0.000110560076548434,0.171544
198,0.304406,0.0969158,-0.20749,0.179742,0.764143452997388,1.00914407958909,358.938357535717,0.00093552755283314,0.629407
199,0.317908,0.0932005,-0.224707,0.16694,0.779387283908059,1.00879003331892,367.952106230717,0.000836287123221521,0.575594
200,0.317908,0.0932005,-0.224707,0.16694,0.779387283908059,1.00879003331892,367.952106230717,0.000836287123221521,0.575594
201,0.62542,0.0795367,-0.545883,0.0326821,0.954741739101306,1.00216384033813,700.744441933027,4.04723545510371e-05,0.0970453
202,0.461308,0.326384,-0.134924,0.346278,0.57881858783222,1.00656069706601,437.379264695214,0.00237627423069526,1.52148
203,0.439803,0.0868214,-0.352982,0.0713425,0.905935603173941,1.00604184865185,457.554698671472,0.000156679052878424,0.220661
204,0.274419,0.447901,0.173482,0.700738,0.237519180434608,1.00602309245978,458.319564543695,0.00195581159383819,6.72569
205,0.271986,0.350849,0.0788631,0.605252,0.331173271483564,1.00553525542007,479.168744373699,0.00202108596192791,4.40402
206,0.319608,0.0863675,-0.23324,0.154577,0.792192347360599,1.00930842016779,354.905829474603,0.000803149922300257,0.525173
207,0.330754,0.114696,-0.216058,0.195977,0.751616405774538,1.00682552543862,427.763142390406,0.000833841415832725,0.700115
208,0.24736,1.57487,1.32751,0.969181,0.0119903474015298,1.0025249243209,667.535387083956,0.000247422190281747,90.328
209,0.476412,0.354155,-0.122258,0.369339,0.552698689151935,1.00687777452759,425.916531834813,0.00258010863595315,1.68214
210,0.502619,0.114824,-0.387794,0.0735388,0.90306018728241,1.00943934976568,351.758770347525,0.000178430358615605,0.227994
211,0.320458,0.109249,-0.211208,0.19217,0.754177858738352,1.00759053014837,402.255117723789,0.000870922830938173,0.683279
212,0.449848,0.244616,-0.205232,0.236965,0.704668328159807,1.00650535855453,439.44450600255,0.00130742533937398,0.892017
213,0.282938,0.456604,0.173666,0.661299,0.277119113619154,1.00639896069434,443.471569713395,0.0018356854218649,5.60809
214,0.268054,0.359852,0.0917982,0.61808,0.318910892496255,1.00556864719917,477.680353251116,0.0019843351612051,4.64842
215,0.267321,0.443093,0.175773,0.672044,0.2678148995551,1.0061052440533,454.988576844909,0.00178097061772347,5.88593
216,0.697219,0.0677682,-0.62945,0.0216876,0.969317322683568,1.00096640422641,839.580501782473,1.89132561552546e-05,0.0636749
217,0.489252,0.449708,-0.0395435,0.468806,0.440498833756928,1.00627634966234,448.206432954925,0.00368787518667751,2.53497
218,0.423504,0.380978,-0.0425257,0.426093,0.492848731964251,1.00685340687133,426.775720727944,0.0028276200361521,2.13254
219,0.308566,0.0957645,-0.212801,0.175713,0.768934460789305,1.00903483977461,361.671049976004,0.000903836572695005,0.612292
220,0.4781,0.0862149,-0.391886,0.0652804,0.913669361725143,1.00354953803918,588.552352544088,0.000128363187593729,0.200602
221,0.492258,0.0937152,-0.398543,0.0717396,0.906018797809703,1.00269737554483,652.772542116237,0.000145713544916324,0.221985
222,0.46958,0.0856653,-0.383915,0.0657464,0.913018547343177,1.0040971757092,553.623350432699,0.000131508429726145,0.202135
223,0.295081,0.256054,-0.039027,0.442884,0.493949393469175,1.00669841913179,432.324191884922,0.00195795496762744,2.28338
224,0.323464,0.0859144,-0.237549,0.152234,0.795187187279839,1.00915962167347,358.552987355158,0.00077977368729607,0.515785
225,0.528884,0.0719101,-0.456974,0.0452402,0.93854915832381,1.00070273441154,877.967070926422,6.7648362774226e-05,0.136102
226,0.330754,0.114696,-0.216058,0.195977,0.751616405774538,1.00682552543862,427.763142390406,0.000833841415832725,0.700115
227,0.562556,0.102108,-0.460448,0.0723844,0.905620753923169,0.999609907880269,1083.75644607288,0.00013925508649134,0.224135
228,0.727651,0.248134,-0.479516,0.124806,0.831374899875392,1.00815889965811,385.222191802709,0.000671468845769256,0.409604
229,0.761393,0.0782641,-0.683129,0.0253234,0.964488577596794,1.00075776883258,869.665146034169,2.56004260624079e-05,0.0746269
230,0.258586,0.272415,0.0138286,0.505167,0.431136403692104,1.00543427044617,483.727907106144,0.00202952032002351,2.9323
231,0.439422,0.0873112,-0.352111,0.0719782,0.905168769621972,1.00605558242733,456.996287892577,0.000158883385563028,0.22278
232,0.493991,0.360827,-0.133163,0.367459,0.554271861104413,1.00696393541166,422.906588778436,0.00258959866340047,1.6686
233,0.691142,0.0852215,-0.605921,0.0329347,0.954394704842646,1.00037252363256,931.342819388582,4.11070961730326e-05,0.0978209
234,1.58136,0.073458,-1.5079,0.00183941,0.996870482131187,1.02507032118763,172.911573064489,3.75000179694339e-07,0.0052931
235,0.449413,0.39978,-0.0496335,0.42479,0.492910861948344,1.0070989504427,418.276111732858,0.00287084409109122,2.1212
236,0.488268,0.236525,-0.251742,0.212051,0.733264244680796,1.0073089845238,411.274507786955,0.00112978959150891,0.772992
237,0.471381,0.0860723,-0.385308,0.065966,0.912771505918653,1.00397258949389,561.19546779032,0.000131818534612814,0.202857
238,2.91377,0.420507,-2.49326,0.0379231,0.926691508110174,0.999570886197194,1092.91917208499,0.000135638868634284,0.113221
239,0.282602,0.363076,0.0804737,0.603764,0.332226935610761,1.00583858650414,465.984546366324,0.00202796285045066,4.3767
240,0.447072,0.0786616,-0.36841,0.0607527,0.918746230152037,1.00565994697268,473.658343256027,0.000121896335012238,0.185789
241,0.902925,1.42518,0.522254,0.63826,0.11490224084488,1.00138237460834,785.457313294009,0.0346997664897439,5.06798
242,0.607753,3.49115,2.8834,0.955504,0.00224580176421546,1.00470730961207,519.343678574057,0.00204147194677844,61.6805
243,0.433772,0.262193,-0.171579,0.267696,0.669985303758257,1.00608947506241,455.624136441226,0.00151735281061792,1.04999
244,0.81291,0.0661642,-0.746745,0.0170816,0.975597907206679,1.00288914067896,637.113002954059,1.24816721980024e-05,0.0499164
245,0.494193,0.612516,0.118322,0.582878,0.314600565598008,1.00593615195239,461.899171902558,0.00468751571928448,4.01372
246,0.41035,0.0839966,-0.326354,0.124333,0.833065220221283,1.00520112441582,494.598089249444,0.00047609761378671,0.407831
247,0.320737,0.0820488,-0.238689,0.146696,0.800368698310053,1.00967834961691,346.158768322789,0.000781277173166836,0.493795
248,0.428756,0.268117,-0.16064,0.277707,0.658830561027558,1.00602507860021,458.238447908257,0.00158200622630653,1.10435
249,0.320458,0.109249,-0.211208,0.19217,0.754177858738352,1.00759053014837,402.255117723789,0.000870922830938173,0.683279
250,0.910084,0.129181,-0.780904,0.165226,0.793577409862734,1.00112820682067,817.656486114566,0.000477053995058152,0.568517
251,0.308566,0.0957645,-0.212801,0.175713,0.768934460789305,1.00903483977461,361.671049976004,0.000903836572695005,0.612292
252,0.855115,0.0761344,-0.77898,0.0342038,0.953484344401805,0.998170346159809,1570.51980656915,3.65896689285523e-05,0.101724
253,0.308357,0.0966821,-0.211675,0.177377,0.767222445446025,1.00897485155798,363.189843822688,0.000908026862750176,0.619341
254,0.335544,0.0935854,-0.241959,0.160271,0.788748622057607,1.00788234232823,393.322512879611,0.00074377754361511,0.548214
255,1.23362,0.0753267,-1.15829,0.00439086,0.992694960284348,1.02044104868021,202.982705055847,1.89574114056985e-06,0.0126676
256,0.459083,0.234314,-0.224769,0.219172,0.725009891409672,1.00691205627818,424.713723220964,0.00118263288190837,0.806236
257,0.319608,0.0863675,-0.23324,0.154577,0.792192347360599,1.00930842016779,354.905829474603,0.000803149922300257,0.525173
258,0.41035,0.0839966,-0.326354,0.124333,0.833065220221283,1.00520112441582,494.598089249444,0.00047609761378671,0.407831
259,0.302672,0.104981,-0.197691,0.194297,0.749221585211552,1.00867016906453,371.109460090386,0.000970617270506636,0.692668
260,0.249984,0.134547,-0.115437,0.280798,0.652530867031571,1.00971349014395,345.350719949947,0.00151568715115308,1.12144
261,0.524173,0.0887863,-0.435387,0.0627998,0.917051217519802,1.00097269883849,838.705430644817,0.000114034158657763,0.192468
262,0.480675,0.24893,-0.231745,0.230794,0.711683982071078,1.00695242391958,423.306222024309,0.0012632827457977,0.861819
263,0.320737,0.0820488,-0.238689,0.146696,0.800368698310053,1.00967834961691,346.158768322789,0.000781277173166836,0.493795
264,0.308566,0.0957645,-0.212801,0.175713,0.768934460789305,1.00903483977461,361.671049976004,0.000903836572695005,0.612292
265,0.442565,0.0742377,-0.368327,0.0562549,0.924104384303916,1.00604422856286,457.457832906067,0.000110086948062737,0.171214
266,0.537772,0.083145,-0.454627,0.0557201,0.925764112997752,1.00031195985486,941.850916021594,9.29411413168536e-05,0.16949
267,0.246235,0.136152,-0.110082,0.286833,0.645696030162614,1.00985769815955,342.074686056991,0.00156295028791363,1.15524
268,0.314825,0.100519,-0.214307,0.180633,0.765031875044576,1.00839369496522,378.607397644625,0.000877844102071047,0.633216
269,0.306146,0.0893743,-0.216772,0.16587,0.778396420268619,1.009676506262,346.201262574926,0.000900074409067952,0.571173
270,0.304493,0.0965076,-0.207985,0.179006,0.764897274909084,1.00916751486252,358.357597070874,0.000933834085108162,0.62627
271,0.422001,0.0837658,-0.338236,0.0706564,0.906484778958521,1.0072205479146,414.19328665373,0.000160294110300197,0.218378
272,0.307857,0.0824492,-0.225408,0.152952,0.791700465932411,1.01025188211088,333.43570727615,0.000864952248530698,0.518656
273,0.314257,0.109618,-0.204639,0.195804,0.749597250789839,1.00786583271789,393.817081467736,0.000907743805974281,0.699348
274,0.314952,0.106263,-0.208689,0.190036,0.75553710517464,1.00801889887496,389.279820953051,0.000894186795250603,0.673914
275,0.335544,0.0935854,-0.241959,0.160271,0.788748622057607,1.00788234232823,393.322512879611,0.00074377754361511,0.548214
276,0.367727,0.453842,0.0861148,0.633652,0.297926212396976,1.0062567732749,448.971951849633,0.00234002625583464,4.96811
277,0.41163,0.740393,0.328763,0.661189,0.25266026255396,1.00649755575112,439.73730526702,0.00356940181057856,5.60534
278,0.280508,0.335373,0.0548651,0.580222,0.355354224630894,1.00548543380706,481.407075306745,0.00207820555479376,3.97016
279,0.441869,0.0742524,-0.367617,0.0563614,0.923964200925619,1.00609063003532,455.577524688112,0.000110570815401409,0.171557
280,0.291029,0.363169,0.0721404,0.594932,0.340564911294332,1.00596201082574,460.828556808942,0.00205059806848613,4.21864
281,0.526368,0.0719707,-0.454398,0.0454986,0.938210298312167,1.00082802695618,859.294089927742,6.84871849132991e-05,0.136916
282,0.304637,0.114575,-0.190062,0.208917,0.734864967732656,1.00805570795849,388.204562388629,0.000982109145946944,0.75855
283,0.371287,0.634258,0.26297,0.731507,0.199798503647747,1.00631783962569,446.592745824611,0.00227930108691561,7.82563
284,0.816009,0.0722249,-0.743784,0.0899458,0.874741196430193,1.00397742129147,560.897888174608,0.000294869948841213,0.283888
285,0.73198,0.0699459,-0.662034,0.0216792,0.969356779282599,1.00096249786376,840.124487847857,1.90041556699294e-05,0.0636495
286,0.304637,0.114575,-0.190062,0.208917,0.734864967732656,1.00805570795849,388.204562388629,0.000982109145946944,0.75855
287,0.285731,0.24398,-0.0417504,0.434645,0.501971079034064,1.00690438945844,424.982120267849,0.00201374933944463,2.20824
288,0.310122,0.0891517,-0.22097,0.16362,0.78138957500412,1.00950734228853,350.146874537072,0.000872542300448898,0.561909
289,0.258667,0.259822,0.00115538,0.488905,0.447065736120029,1.00569369390814,472.189060696188,0.00207399543345838,2.74762
290,0.314825,0.100519,-0.214307,0.180633,0.765031875044576,1.00839369496522,378.607397644625,0.000877844102071047,0.633216
291,0.43236,0.790375,0.358015,0.719289,0.184835868037505,1.00646128417523,441.103620313815,0.00455968111906823,7.35999
292,0.291232,0.254482,-0.0367503,0.444344,0.492384829592982,1.00665093932894,434.053448365777,0.00197353019471564,2.29692
293,0.317264,0.0959112,-0.221352,0.171797,0.774364085016258,1.00860758110267,372.780180320594,0.000848868616888009,0.595815
294,0.274477,0.490832,0.216355,0.721523,0.218246887452196,1.00615822974319,452.866165262368,0.00184389908851047,7.44208
295,0.302549,0.105582,-0.196967,0.195365,0.748128577344158,1.00863903730015,371.938575045811,0.000973089010280308,0.697398
296,0.569,0.0784807,-0.49052,0.048615,0.934672837873028,0.999114077955961,1213.07099989632,7.25386465207951e-05,0.146773
297,0.317264,0.0959112,-0.221352,0.171797,0.774364085016258,1.00860758110267,372.780180320594,0.000848868616888009,0.595815
298,0.46955,0.0932487,-0.376301,0.0743082,0.902743079451117,1.00408523606762,554.340034308149,0.000158448257642826,0.23057
299,0.494369,0.0848495,-0.409519,0.061858,0.917959692710001,1.00255671242243,664.763566645411,0.000115390096561073,0.189392
300,0.308445,0.0962748,-0.21217,0.176648,0.767971523054776,1.00899826980658,362.595388213962,0.000906325654554848,0.616249
301,0.537673,0.0831384,-0.454535,0.0557236,0.925759644512235,1.00031629210956,941.091317873404,9.29565586720582e-05,0.169502
302,0.311092,0.0852377,-0.225854,0.156387,0.788851689585176,1.00982390218905,342.836729364229,0.000852975972620042,0.532465
303,0.320737,0.0820488,-0.238689,0.146696,0.800368698310053,1.00967834961691,346.158768322789,0.000781277173166836,0.493795
304,0.314825,0.100519,-0.214307,0.180633,0.765031875044576,1.00839369496522,378.607397644625,0.000877844102071047,0.633216
305,0.690477,0.0784758,-0.612001,0.0285733,0.960160400542051,1.00058118445259,896.881675145048,3.15604683483374e-05,0.0844859
306,0.323837,0.0942865,-0.22955,0.16616,0.781102753000289,1.00841484537926,378.022893986311,0.000805743576161607,0.572371
307,0.280476,0.240999,-0.039477,0.435662,0.500753472622574,1.0069062175677,424.918091177047,0.00204395749721997,2.2174
308,0.335544,0.0935854,-0.241959,0.160271,0.788748622057607,1.00788234232823,393.322512879611,0.00074377754361511,0.548214
309,0.50542,0.0849984,-0.420422,0.0608128,0.919319526292597,1.00191573426325,725.569269798514,0.000110761198963432,0.185984
310,0.832203,0.0883194,-0.743884,0.0280419,0.960796522755888,1.00112553813374,818.008714441018,3.16937095052145e-05,0.0828691
311,0.562674,0.102104,-0.46057,0.0723678,0.905641125630833,0.999606112515839,1084.64084282327,0.000139195132318754,0.22408
312,0.285206,0.255936,-0.0292697,0.452362,0.484175194735392,1.00645436934015,441.36507646299,0.00199237242932259,2.37261
313,0.308357,0.0966821,-0.211675,0.177377,0.767222445446025,1.00897485155798,363.189843822688,0.000908026862750176,0.619341
314,0.31803,0.0927103,-0.22532,0.166051,0.780307426327071,1.00882720101613,366.98417806143,0.000833841297857217,0.571921
315,0.639796,0.071417,-0.568379,0.0263605,0.963060904512447,1.00185476393353,731.944365962707,2.7167351714952e-05,0.0777659
316,0.426965,0.268887,-0.158079,0.279618,0.656714747236523,1.00599522222586,459.460909613299,0.0015942740183469,1.1149
317,0.780231,0.0774002,-0.702831,0.0240769,0.966157993501295,1.00109457672719,822.117678254994,2.34360887854242e-05,0.0708628
318,0.829118,0.0900792,-0.739039,0.0291504,0.9593018477049,1.000940567796,843.191644481331,3.40236222098621e-05,0.0862433
319,0.279486,0.0841071,-0.195379,0.170768,0.767447826806726,1.01135913794733,311.394580951578,0.00111182370740665,0.591513
320,0.42732,0.241472,-0.185848,0.24284,0.698027080817934,1.00615064704569,453.16866480774,0.00135120264909932,0.921224
321,0.837526,0.0759657,-0.761561,0.0212579,0.969956295765517,1.00240537914339,678.172004847452,1.89264443134666e-05,0.0623857
322,0.292457,0.0972578,-0.195199,0.186828,0.754697289718568,1.00966210754271,346.533558900401,0.0010280940524619,0.659922
323,0.323464,0.0859144,-0.237549,0.152234,0.795187187279839,1.00915962167347,358.552987355158,0.00077977368729607,0.515785
324,0.320458,0.109249,-0.211208,0.19217,0.754177858738352,1.00759053014837,402.255117723789,0.000870922830938173,0.683279
325,0.450955,0.255074,-0.19588,0.250422,0.689373412061122,1.00641555004829,442.838743036122,0.00140042207391522,0.959597
326,0.288525,0.0983444,-0.190181,0.191016,0.749684765121204,1.00976400927114,344.195778771921,0.00106425353725185,0.67821
327,0.330754,0.114696,-0.216058,0.195977,0.751616405774538,1.00682552543862,427.763142390406,0.000833841415832725,0.700115
328,0.275633,0.350206,0.074573,0.600339,0.335817035161914,1.0055887983705,476.786680013048,0.00203437811244879,4.31458
329,0.743551,0.0775452,-0.666006,0.0256309,0.964076935005981,1.00062083097723,890.62251122725,2.60567282068987e-05,0.0755567
330,0.473672,0.116118,-0.357554,0.079359,0.896062128854765,1.01174225833496,304.44658307542,0.000205242339819446,0.247594
331,0.5661,0.0825384,-0.483561,0.0527488,0.929574959122708,0.999243276180274,1176.47274665196,8.29625432012417e-05,0.159949
332,0.395972,0.121505,-0.274466,0.123991,0.843765476073575,1.00849368551349,375.860233196642,0.000373287004443486,0.406551
333,0.310122,0.0891517,-0.22097,0.16362,0.78138957500412,1.00950734228853,350.146874537072,0.000872542300448898,0.561909
334,0.308566,0.0957645,-0.212801,0.175713,0.768934460789305,1.00903483977461,361.671049976004,0.000903836572695005,0.612292
335,0.457596,0.0744307,-0.383165,0.0546386,0.926289237355021,1.00501858343728,503.461558233908,0.00010199309635284,0.16601
336,0.816009,0.0722249,-0.743784,0.0899458,0.874741196430193,1.00397742129147,560.897888174608,0.000294869948841213,0.283888
337,0.428662,0.098035,-0.330627,0.0867835,0.887453510995023,1.00668937723999,432.652423845615,0.000213203277096541,0.272959
338,0.323837,0.0942865,-0.22955,0.16616,0.781102753000289,1.00841484537926,378.022893986311,0.000805743576161607,0.572371
339,0.308357,0.0966821,-0.211675,0.177377,0.767222445446025,1.00897485155798,363.189843822688,0.000908026862750176,0.619341
340,0.308445,0.0962748,-0.21217,0.176648,0.767971523054776,1.00899826980658,362.595388213962,0.000906325654554848,0.616249
341,0.289499,0.0937446,-0.195755,0.182356,0.758489706531883,1.01007143258024,337.334418560074,0.00104367929521415,0.640602
342,0.527176,0.361957,-0.165219,0.35499,0.567453590109003,1.00697569656128,422.499081070925,0.00253230074012887,1.58082
343,0.330754,0.114696,-0.216058,0.195977,0.751616405774538,1.00682552543862,427.763142390406,0.000833841415832725,0.700115
344,0.304612,0.0959969,-0.208615,0.178064,0.765865584737279,1.00920412764369,357.454111123468,0.000931348407648374,0.622259
345,0.323464,0.0859144,-0.237549,0.152234,0.795187187279839,1.00915962167347,358.552987355158,0.00077977368729607,0.515785
346,0.295672,0.083131,-0.212541,0.16006,0.782029418376655,1.01073906724392,323.355971667789,0.00095945372687892,0.547352
347,0.41035,0.0839966,-0.326354,0.124333,0.833065220221283,1.00520112441582,494.598089249444,0.00047609761378671,0.407831
348,0.830097,0.0883303,-0.741767,0.0281255,0.960685907158255,1.00110277145463,821.026087148578,3.18561977823009e-05,0.0831234
349,1.39708,0.067192,-1.32989,0.00221792,0.996280100995543,1.02689641214245,163.449733043329,5.39636292765285e-07,0.00638474
350,0.310122,0.0891517,-0.22097,0.16362,0.78138957500412,1.00950734228853,350.146874537072,0.000872542300448898,0.561909
351,0.792902,0.0802216,-0.712681,0.0251474,0.96471814249489,1.00110140527785,821.20786754491,2.55349027760891e-05,0.0740949
352,1.74803,0.0808722,-1.66715,0.000773372,0.998470538242085,1.02244614620318,188.712871280418,8.46267906840784e-08,0.00222309
353,0.307857,0.0824492,-0.225408,0.152952,0.791700465932411,1.01025188211088,333.43570727615,0.000864952248530698,0.518656
354,0.314952,0.106263,-0.208689,0.190036,0.75553710517464,1.00801889887496,389.279820953051,0.000894186795250603,0.673914
355,0.41035,0.0839966,-0.326354,0.124333,0.833065220221283,1.00520112441582,494.598089249444,0.00047609761378671,0.407831
356,0.929796,0.0735703,-0.856226,0.0174968,0.975076153256163,1.00495003913385,506.873681957263,1.35098552514765e-05,0.0511516
357,0.323837,0.0942865,-0.22955,0.16616,0.781102753000289,1.00841484537926,378.022893986311,0.000805743576161607,0.572371
358,0.497832,0.0724227,-0.425409,0.0483501,0.934440787527089,1.00241941647852,676.905291526434,7.8609555859487e-05,0.145933
359,0.910084,0.129181,-0.780904,0.165226,0.793577409862734,1.00112820682067,817.656486114566,0.000477053995058152,0.568517
360,0.289499,0.0937446,-0.195755,0.182356,0.758489706531883,1.01007143258024,337.334418560074,0.00104367929521415,0.640602
361,0.311092,0.0852377,-0.225854,0.156387,0.788851689585176,1.00982390218905,342.836729364229,0.000852975972620042,0.532465
362,0.816009,0.0722249,-0.743784,0.0899458,0.874741196430193,1.00397742129147,560.897888174608,0.000294869948841213,0.283888
363,1.06368,0.511372,-0.552313,0.191236,0.693877060039377,1.0020011904106,716.820467025493,0.00289797520618968,0.679172
364,0.534208,0.0764583,-0.45775,0.0493251,0.933568919916473,1.00044192567869,919.588162674336,7.69096476979904e-05,0.149029
365,0.307857,0.0824492,-0.225408,0.152952,0.791700465932411,1.01025188211088,333.43570727615,0.000864952248530698,0.518656
366,0.910084,0.129181,-0.780904,0.165226,0.793577409862734,1.00112820682067,817.656486114566,0.000477053995058152,0.568517
367,0.314257,0.109618,-0.204639,0.195804,0.749597250789839,1.00786583271789,393.817081467736,0.000907743805974281,0.699348
368,0.307857,0.0824492,-0.225408,0.152952,0.791700465932411,1.01025188211088,333.43570727615,0.000864952248530698,0.518656
369,0.314952,0.106263,-0.208689,0.190036,0.75553710517464,1.00801889887496,389.279820953051,0.000894186795250603,0.673914
370,0.281263,0.0890045,-0.192259,0.178696,0.760125587789755,1.01083555924548,321.433107294172,0.00110750132163618,0.62495
371,0.537496,0.0835944,-0.453901,0.0561937,0.92518210752078,1.00032242689048,940.017783231732,9.42499222188817e-05,0.171016
372,1.07934,0.465694,-0.613649,0.217454,0.692218120963164,1.00353957282547,589.229387868723,0.00215079583030548,0.798159
373,0.537759,0.0831444,-0.454615,0.055721,0.925763063756289,1.00031252263332,941.752171116126,9.29438973677202e-05,0.169493
374,0.492054,0.0937215,-0.398333,0.071772,0.905978311650764,1.00270936341568,651.770821492944,0.000145851407153926,0.222092
375,0.983219,0.0717266,-0.911493,0.010371,0.98437296141108,1.01064024680306,325.349810080414,6.72316748043502e-06,0.030101
376,0.72766,0.0673185,-0.660341,0.0203423,0.971143693756801,1.00107592240457,824.613513546192,1.6867804138234e-05,0.0596429
377,0.279732,0.352129,0.0723972,0.597467,0.338471631598369,1.00567708602921,472.910979337047,0.00204237194988586,4.2633
378,0.505621,0.0749281,-0.430693,0.0502553,0.93218400796432,1.00192987994945,724.106191517931,8.23559733679266e-05,0.151988
379,0.330754,0.114696,-0.216058,0.195977,0.751616405774538,1.00682552543862,427.763142390406,0.000833841415832725,0.700115
380,0.782656,0.0716717,-0.710985,0.0208419,0.970505161032205,1.00160559667519,759.218355754139,1.79127895001572e-05,0.061139
381,0.505871,0.0784876,-0.427384,0.0539249,0.927702675846047,1.00189541011875,727.681871009384,9.1791781912026e-05,0.163718
382,0.325465,0.0877695,-0.237695,0.154534,0.793176547374512,1.00888881200262,365.391094640987,0.000774760852642834,0.525001
383,0.708076,0.0858805,-0.622195,0.0324384,0.955036139239989,1.00020490506188,961.022156273555,4.01070811171708e-05,0.0962974
384,0.335544,0.0935854,-0.241959,0.160271,0.788748622057607,1.00788234232823,393.322512879611,0.00074377754361511,0.548214
385,0.320737,0.0820488,-0.238689,0.146696,0.800368698310053,1.00967834961691,346.158768322789,0.000781277173166836,0.493795
386,1.10803,0.0758951,-1.03213,0.00907394,0.986190723403848,1.01388273624364,270.81319071841,5.54961717260634e-06,0.026302
387,0.330754,0.114696,-0.216058,0.195977,0.751616405774538,1.00682552543862,427.763142390406,0.000833841415832725,0.700115
388,0.505119,0.0785081,-0.426611,0.0540193,0.92758066769762,1.00193800997997,723.268003190277,9.21406775364021e-05,0.164021
389,0.310122,0.0891517,-0.22097,0.16362,0.78138957500412,1.00950734228853,350.146874537072,0.000872542300448898,0.561909
390,0.258585,0.272649,0.014064,0.505453,0.430856013351662,1.0054305506007,483.897530596753,0.00202872450227673,2.93567
391,0.485466,0.46995,-0.0155161,0.484358,0.423670088971837,1.00631094197237,446.860199667622,0.00374941908508862,2.69806
392,0.29396,0.297281,0.00332069,0.492805,0.443919185128048,1.00611431180616,454.623922381298,0.00190524634121652,2.79083
393,0.291289,0.105018,-0.186271,0.200866,0.740492866833479,1.00918704961991,357.874962144663,0.00105728454737509,0.721972
394,0.487319,0.250377,-0.236942,0.230326,0.712212937187095,1.00703449767083,420.473637044784,0.00126026021924195,0.859545
395,0.400584,0.229704,-0.17088,0.239686,0.701541852552609,1.0059856731137,459.853296500678,0.00134304948081107,0.905487
396,0.5061,0.0848076,-0.421292,0.0605483,0.919649851541531,1.00188727082031,728.531403761997,0.000109874324164064,0.185123
397,0.473503,0.116131,-0.357372,0.079402,0.896012522953907,1.01175641537359,304.195924067048,0.000205421360880853,0.247739
398,0.323837,0.0942865,-0.22955,0.16616,0.781102753000289,1.00841484537926,378.022893986311,0.000805743576161607,0.572371
399,0.988666,0.35543,-0.633236,0.12413,0.814765654663387,1.00512083481047,498.457295979768,0.0011319967621296,0.40707
400,0.421281,0.120913,-0.300369,0.11603,0.853220358040307,1.00712365310518,417.440058883693,0.000327647171737031,0.37702
401,0.258583,0.27217,0.0135866,0.504873,0.431423043658918,1.0054379916773,483.558341254929,0.00203036218107073,2.92886
402,0.31141,0.397955,0.0865446,0.591562,0.342744747091652,1.00631858117138,446.564012062549,0.00228476896285207,4.16013
403,0.335544,0.0935854,-0.241959,0.160271,0.788748622057607,1.00788234232823,393.322512879611,0.00074377754361511,0.548214
404,1.33887,0.077199,-1.26167,0.00357449,0.993968887956648,1.02189889387736,192.396526843342,1.31198886023117e-06,0.0103039
405,0.809583,0.0751703,-0.734412,0.0217922,0.969233108696678,1.00185780422051,731.623791161812,1.96375249849218e-05,0.0639888
406,0.289499,0.0937446,-0.195755,0.182356,0.758489706531883,1.01007143258024,337.334418560074,0.00104367929521415,0.640602
407,0.335544,0.0935854,-0.241959,0.160271,0.788748622057607,1.00788234232823,393.322512879611,0.00074377754361511,0.548214
408,0.521044,0.0942797,-0.426764,0.0688781,0.909669122254468,1.00116732999446,812.527709481353,0.000132523992770571,0.212475
409,0.323711,0.0947896,-0.228921,0.167059,0.780168900657215,1.00837836173728,379.032294613701,0.00080821300848413,0.576089
410,0.491925,0.105433,-0.386493,0.0845896,0.890637963530585,1.00279599707197,644.623043068704,0.000188313491351011,0.265421
411,0.503586,0.0900675,-0.413519,0.0664131,0.912528137803235,1.00204383094733,712.534275471189,0.00012740457213684,0.20433
412,0.572554,0.0784195,-0.494134,0.0482921,0.935091439304782,0.999004905672909,1245.83138686635,7.15454353380122e-05,0.145749
413,0.565196,0.0825606,-0.482635,0.052842,0.929455973950469,0.99927236039664,1168.53833501297,8.3257518803381e-05,0.160247
414,0.568415,0.0784836,-0.489931,0.0486607,0.934613212407227,0.999132357889991,1207.75423508168,7.26845703224124e-05,0.146918
415,0.808091,0.0870742,-0.721017,0.0283706,0.960376810997526,1.00082804525444,859.291421355435,3.21443782395466e-05,0.0838688
416,0.304637,0.114575,-0.190062,0.208917,0.734864967732656,1.00805570795849,388.204562388629,0.000982109145946944,0.75855
417,0.567791,0.0784873,-0.489304,0.0487108,0.93454792584125,0.999152065312509,1202.07456547346,7.28441412050394e-05,0.147077
418,0.743977,0.0783486,-0.665629,0.0260958,0.963456732524224,1.00057561604159,897.767896732484,2.69452502816514e-05,0.0769641
419,0.567125,0.0785107,-0.488614,0.0487851,0.934452378477533,0.999173805804773,1195.87100014016,7.30665888907782e-05,0.147313
420,0.442049,0.0742553,-0.367794,0.0563409,0.923992040878857,1.0060787866009,456.055956036554,0.000110464878075757,0.171491
421,0.323464,0.0859144,-0.237549,0.152234,0.795187187279839,1.00915962167347,358.552987355158,0.00077977368729607,0.515785
422,0.314825,0.100519,-0.214307,0.180633,0.765031875044576,1.00839369496522,378.607397644625,0.000877844102071047,0.633216
423,0.672358,0.0989549,-0.573403,0.0435015,0.940535945923018,1.0004029702383,926.148969410374,6.84711956426836e-05,0.130633
424,0.809061,0.0696858,-0.739375,0.0189581,0.9730572408462,1.00239877944579,678.769212472036,1.51360278052052e-05,0.0555061
425,0.477967,0.0936432,-0.384324,0.073563,0.903710779501101,1.00355308694583,588.311620699501,0.000154252515982059,0.228075
426,0.289499,0.0937446,-0.195755,0.182356,0.758489706531883,1.01007143258024,337.334418560074,0.00104367929521415,0.640602
427,0.335544,0.0935854,-0.241959,0.160271,0.788748622057607,1.00788234232823,393.322512879611,0.00074377754361511,0.548214
428,0.320458,0.109249,-0.211208,0.19217,0.754177858738352,1.00759053014837,402.255117723789,0.000870922830938173,0.683279
429,0.304406,0.0969158,-0.20749,0.179742,0.764143452997388,1.00914407958909,358.938357535717,0.00093552755283314,0.629407
430,0.483976,0.0817543,-0.402222,0.0596923,0.920483709716692,1.00319908143997,613.349614151425,0.000110909405578055,0.18234
431,0.319608,0.0863675,-0.23324,0.154577,0.792192347360599,1.00930842016779,354.905829474603,0.000803149922300257,0.525173
432,2.29948,0.102521,-2.19696,0.000489511,0.998920351946978,1.01117405336231,314.86897750916,3.25347496450477e-08,0.00140672
433,0.335544,0.0935854,-0.241959,0.160271,0.788748622057607,1.00788234232823,393.322512879611,0.00074377754361511,0.548214
434,0.41035,0.0839966,-0.326354,0.124333,0.833065220221283,1.00520112441582,494.598089249444,0.00047609761378671,0.407831
435,0.325465,0.0877695,-0.237695,0.154534,0.793176547374512,1.00888881200262,365.391094640987,0.000774760852642834,0.525001
436,0.467563,0.0940217,-0.373541,0.0754691,0.901332696834169,1.00420503948913,547.232918303348,0.000162736234144891,0.234467
437,0.910084,0.129181,-0.780904,0.165226,0.793577409862734,1.00112820682067,817.656486114566,0.000477053995058152,0.568517
438,1.08215,0.0898424,-0.992304,0.0133963,0.979630490092003,1.00960631372373,347.827361883146,1.13838812365948e-05,0.0390009
439,0.314257,0.109618,-0.204639,0.195804,0.749597250789839,1.00786583271789,393.817081467736,0.000907743805974281,0.699348
440,0.8271,0.0752838,-0.751816,0.0212507,0.969965174121029,1.00224948774212,692.56864633196,1.88497531963567e-05,0.0623642
441,1.22488,0.0692631,-1.15562,0.00369426,0.993889921171784,1.02264970444478,187.37987986518,1.37109243221655e-06,0.0106505
442,0.419783,0.247486,-0.172297,0.255129,0.68419312841874,1.00591431763747,462.8071071038,0.00143460970474115,0.983813
443,0.302672,0.104981,-0.197691,0.194297,0.749221585211552,1.00867016906453,371.109460090386,0.000970617270506636,0.692668
444,0.302672,0.104981,-0.197691,0.194297,0.749221585211552,1.00867016906453,371.109460090386,0.000970617270506636,0.692668
445,0.449651,0.254852,-0.194799,0.250697,0.689069191310121,1.00639559315441,443.600254484724,0.00140219465495897,0.961006
446,0.695032,0.0722504,-0.622781,0.0244702,0.965607747856122,1.00078179737771,866.089906393668,2.36604330302988e-05,0.0720493
447,0.473438,0.116129,-0.357309,0.0794103,0.896000670191357,1.01176082147425,304.11799770886,0.000205483021540729,0.247767
448,0.465425,0.0828075,-0.382618,0.0630795,0.916185366357115,1.00438767812586,536.746820963061,0.000124389365088883,0.193383
449,0.524182,0.0817453,-0.442437,0.0555453,0.925881715904476,1.0009337881222,844.144433145624,9.38493058546036e-05,0.168927
450,0.330754,0.114696,-0.216058,0.195977,0.751616405774538,1.00682552543862,427.763142390406,0.000833841415832725,0.700115
451,0.537545,0.0836054,-0.453939,0.0562023,0.925172812589262,1.00032051259924,940.352502863605,9.42623642889258e-05,0.171044
452,0.308566,0.0957645,-0.212801,0.175713,0.768934460789305,1.00903483977461,361.671049976004,0.000903836572695005,0.612292
453,0.314825,0.100519,-0.214307,0.180633,0.765031875044576,1.00839369496522,378.607397644625,0.000877844102071047,0.633216
454,0.53943,0.0771415,-0.462288,0.0495779,0.93329878406283,1.00020894497292,960.284420737265,7.70520918288753e-05,0.149832
455,0.246235,0.136152,-0.110082,0.286833,0.645696030162614,1.00985769815955,342.074686056991,0.00156295028791363,1.15524
456,0.304612,0.0959969,-0.208615,0.178064,0.765865584737279,1.00920412764369,357.454111123468,0.000931348407648374,0.622259
457,0.319608,0.0863675,-0.23324,0.154577,0.792192347360599,1.00930842016779,354.905829474603,0.000803149922300257,0.525173
458,0.304637,0.114575,-0.190062,0.208917,0.734864967732656,1.00805570795849,388.204562388629,0.000982109145946944,0.75855
459,0.336667,0.0892023,-0.247465,0.152611,0.796744768136963,1.00819321532755,384.240752941501,0.000723248012209582,0.517292
460,0.816009,0.0722249,-0.743784,0.0899458,0.874741196430193,1.00397742129147,560.897888174608,0.000294869948841213,0.283888
461,0.279979,0.252295,-0.0276847,0.452793,0.483590702714573,1.00643936343751,441.933549272611,0.00201927216586966,2.37674
462,0.335544,0.0935854,-0.241959,0.160271,0.788748622057607,1.00788234232823,393.322512879611,0.00074377754361511,0.548214
463,0.647372,0.108152,-0.539219,0.0424768,0.940292858760851,1.00406282483682,555.690373312534,8.11063957477922e-05,0.127419
464,0.534604,0.096071,-0.438533,0.0692325,0.90931693538287,1.00056861900331,898.883993806614,0.000132053214169014,0.21365
465,0.336667,0.0892023,-0.247465,0.152611,0.796744768136963,1.00819321532755,384.240752941501,0.000723248012209582,0.517292
466,0.503148,0.346389,-0.156759,0.349477,0.574314807277243,1.00685783234534,426.619419023528,0.00246170779691534,1.54308
467,0.308566,0.0957645,-0.212801,0.175713,0.768934460789305,1.00903483977461,361.671049976004,0.000903836572695005,0.612292
468,0.62302,0.357625,-0.265395,0.253463,0.66908056823858,1.00706406263218,419.462703844732,0.0022967490570951,0.975207
469,0.288525,0.0983444,-0.190181,0.191016,0.749684765121204,1.00976400927114,344.195778771921,0.00106425353725185,0.67821
470,0.330754,0.114696,-0.216058,0.195977,0.751616405774538,1.00682552543862,427.763142390406,0.000833841415832725,0.700115
471,0.225917,0.138107,-0.0878098,0.310862,0.61648823942688,1.01106762455047,316.903073990942,0.0018629678756592,1.29567
472,0.446337,0.0786902,-0.367647,0.0608833,0.918577746726998,1.00570889615596,471.530203327107,0.00012247370224771,0.186214
473,0.336667,0.0892023,-0.247465,0.152611,0.796744768136963,1.00819321532755,384.240752941501,0.000723248012209582,0.517292
474,0.323837,0.0942865,-0.22955,0.16616,0.781102753000289,1.00841484537926,378.022893986311,0.000805743576161607,0.572371
475,0.269383,0.245797,-0.023586,0.455468,0.480530560813582,1.00641637131671,442.807462203307,0.00208092068653585,2.40253
476,0.289499,0.0937446,-0.195755,0.182356,0.758489706531883,1.01007143258024,337.334418560074,0.00104367929521415,0.640602
477,0.832124,0.0708031,-0.761321,0.0188266,0.97324467070141,1.00286522290952,639.024513076531,1.50536319813857e-05,0.0551135
478,0.816009,0.0722249,-0.743784,0.0899458,0.874741196430193,1.00397742129147,560.897888174608,0.000294869948841213,0.283888
479,0.295672,0.083131,-0.212541,0.16006,0.782029418376655,1.01073906724392,323.355971667789,0.00095945372687892,0.547352
480,0.323837,0.0942865,-0.22955,0.16616,0.781102753000289,1.00841484537926,378.022893986311,0.000805743576161607,0.572371
481,2.19065,0.0861423,-2.10451,0.000360049,0.999280647577221,1.01617636378063,242.315824326505,1.84214784296112e-08,0.00103455
482,0.836756,0.0761262,-0.76063,0.0213667,0.969809186134575,1.00236819385769,681.550851144393,1.91024477007075e-05,0.0627121
483,0.520688,0.0942501,-0.426437,0.0688863,0.909656139115975,1.00118416739707,810.340376090792,0.000132600624145688,0.212502
484,0.335544,0.0935854,-0.241959,0.160271,0.788748622057607,1.00788234232823,393.322512879611,0.00074377754361511,0.548214
485,0.369142,0.241909,-0.127233,0.375726,0.564073928548572,1.00868201565546,370.794946633082,0.0017461973294491,1.72874
486,0.519964,0.0973549,-0.422609,0.0722281,0.905618632447775,1.00125319809639,801.495551502253,0.000143059317105095,0.223614
487,0.317908,0.0932005,-0.224707,0.16694,0.779387283908059,1.00879003331892,367.952106230717,0.000836287123221521,0.575594
488,0.335544,0.0935854,-0.241959,0.160271,0.788748622057607,1.00788234232823,393.322512879611,0.00074377754361511,0.548214
489,0.324181,0.0928553,-0.231326,0.163627,0.783730616956331,1.00850943540928,375.431220726835,0.000799220980992819,0.561936
490,0.319608,0.0863675,-0.23324,0.154577,0.792192347360599,1.00930842016779,354.905829474603,0.000803149922300257,0.525173
491,0.323837,0.0942865,-0.22955,0.16616,0.781102753000289,1.00841484537926,378.022893986311,0.000805743576161607,0.572371
492,0.693244,0.0722726,-0.620972,0.0245598,0.965487623121927,1.00079180890157,864.609014336887,2.38160395897492e-05,0.0723197
493,0.809496,0.0779178,-0.731578,0.0232566,0.967259241220799,1.0015933890485,760.60748109742,2.21812787934844e-05,0.0683911
494,0.41035,0.0839966,-0.326354,0.124333,0.833065220221283,1.00520112441582,494.598089249444,0.00047609761378671,0.407831
495,1.02816,0.330074,-0.698082,0.104729,0.844860854942092,1.00521970229191,493.713751886885,0.000848725831501026,0.336006
496,0.304637,0.114575,-0.190062,0.208917,0.734864967732656,1.00805570795849,388.204562388629,0.000982109145946944,0.75855
497,0.291289,0.105018,-0.186271,0.200866,0.740492866833479,1.00918704961991,357.874962144663,0.00105728454737509,0.721972
498,0.533749,0.0754862,-0.458263,0.0484138,0.934683035404955,1.00046151933845,916.323528262061,7.47411892628072e-05,0.146135
499,0.323837,0.0942865,-0.22955,0.16616,0.781102753000289,1.00841484537926,378.022893986311,0.000805743576161607,0.572371
500,0.459646,0.234385,-0.225261,0.219061,0.725138506512679,1.00691938414335,424.457514553757,0.00118176672758923,0.805713
501,0.494436,0.0848475,-0.409589,0.0618481,0.917972318095129,1.00255271956577,665.110451740544,0.000115350581316725,0.189359
502,0.320458,0.109249,-0.211208,0.19217,0.754177858738352,1.00759053014837,402.255117723789,0.000870922830938173,0.683279
503,0.275752,0.340222,0.0644699,0.590652,0.345273181190573,1.00546911211109,482.144986030995,0.00205686366516727,4.14449
504,0.533153,0.0829898,-0.450163,0.0559778,0.925416460766873,1.00051101845353,908.179305064115,9.40907572113785e-05,0.17032
505,0.285729,0.244013,-0.0417166,0.434694,0.501920825326753,1.00690289333261,425.034536337672,0.00201369172553724,2.20869
506,0.458761,0.254645,-0.204116,0.246647,0.69363197876014,1.00654896792904,437.815346638349,0.00137429814213215,0.940397
507,0.314257,0.109618,-0.204639,0.195804,0.749597250789839,1.00786583271789,393.817081467736,0.000907743805974281,0.699348
508,0.523666,0.0757668,-0.447899,0.0495292,0.933233408749155,1.00094977386667,841.901328376331,7.84619646372523e-05,0.149677
509,0.826473,0.0705628,-0.75591,0.0188679,0.973187050457058,1.00276377565099,647.262895035647,1.50916192211878e-05,0.055237
510,0.336667,0.0892023,-0.247465,0.152611,0.796744768136963,1.00819321532755,384.240752941501,0.000723248012209582,0.517292
511,0.779954,0.0716852,-0.708269,0.0209483,0.970361349137234,1.00154371385968,766.313454224626,1.8064723775506e-05,0.0614576
512,0.662796,0.110889,-0.551906,0.0527719,0.928481685547983,1.00048636367392,912.217494972601,9.67634193720696e-05,0.160023
513,0.31803,0.0927103,-0.22532,0.166051,0.780307426327071,1.00882720101613,366.98417806143,0.000833841297857217,0.571921
514,0.31803,0.0927103,-0.22532,0.166051,0.780307426327071,1.00882720101613,366.98417806143,0.000833841297857217,0.571921
515,0.406414,0.0878342,-0.31858,0.0786029,0.896733753590159,1.00807219275523,387.724973685063,0.000193662570995622,0.245033
516,0.314952,0.106263,-0.208689,0.190036,0.75553710517464,1.00801889887496,389.279820953051,0.000894186795250603,0.673914
517,0.673511,0.0989136,-0.574597,0.04339,0.940678505199972,1.00037911096998,930.2141206379,6.81604703569866e-05,0.130283
518,0.291289,0.105018,-0.186271,0.200866,0.740492866833479,1.00918704961991,357.874962144663,0.00105728454737509,0.721972
519,1.20516,0.0776623,-1.1275,0.00796824,0.987791058676746,1.01566665871957,248.102329429859,4.45876438869063e-06,0.0230712
520,0.746212,0.0667703,-0.679442,0.0194124,0.972406599002765,1.00133459483542,791.313456178836,1.5527779622856e-05,0.0568625
521,0.26887,0.258906,-0.00996391,0.474747,0.461392680707342,1.00596193633027,460.831633840858,0.00204266037509693,2.59613
522,0.677286,0.0754034,-0.601882,0.0272395,0.961925033502816,1.00085234491758,855.762314080013,2.88233883319942e-05,0.0804316
523,0.882662,0.10237,-0.780292,0.0201227,0.96850990953152,1.00281783277519,642.846427457542,2.62156706632744e-05,0.0589858
524,0.461958,0.087179,-0.374779,0.0684925,0.909633782647762,1.00458830025817,525.688037072062,0.000141652744697163,0.211198
525,0.304637,0.114575,-0.190062,0.208917,0.734864967732656,1.00805570795849,388.204562388629,0.000982109145946944,0.75855
526,0.708991,0.0678459,-0.641146,0.0213084,0.969834781100633,1.00094832879547,842.103604787292,1.83264234147997e-05,0.0625373
527,0.314257,0.109618,-0.204639,0.195804,0.749597250789839,1.00786583271789,393.817081467736,0.000907743805974281,0.699348
528,0.335544,0.0935854,-0.241959,0.160271,0.788748622057607,1.00788234232823,393.322512879611,0.00074377754361511,0.548214
529,0.494945,0.240042,-0.254903,0.214515,0.730422083584312,1.00731178226333,411.182854229502,0.00114741019879322,0.784427
530,0.910084,0.129181,-0.780904,0.165226,0.793577409862734,1.00112820682067,817.656486114566,0.000477053995058152,0.568517
531,0.291289,0.105018,-0.186271,0.200866,0.740492866833479,1.00918704961991,357.874962144663,0.00105728454737509,0.721972
532,0.222629,0.33727,0.114641,0.617857,0.322750277699666,1.0043384170604,539.534775821332,0.00179033278149751,4.64403
533,0.910084,0.129181,-0.780904,0.165226,0.793577409862734,1.00112820682067,817.656486114566,0.000477053995058152,0.568517
534,0.314825,0.100519,-0.214307,0.180633,0.765031875044576,1.00839369496522,378.607397644625,0.000877844102071047,0.633216
535,0.2906,0.106371,-0.184229,0.203591,0.737642086392042,1.00913066882212,359.271561873667,0.00106631260231384,0.734271
536,0.320661,0.108259,-0.212402,0.190501,0.755900935683859,1.00763170492108,400.969740126824,0.000867030000809263,0.675947
537,0.294036,0.0900912,-0.203945,0.173343,0.768451776849131,1.01016947714419,335.204613487708,0.000994683811140452,0.602301
538,0.370752,0.241526,-0.129226,0.374564,0.565304267195145,1.00872002535888,369.789496192997,0.0017424349679429,1.72019
539,0.304637,0.114575,-0.190062,0.208917,0.734864967732656,1.00805570795849,388.204562388629,0.000982109145946944,0.75855
540,1.30548,0.0782527,-1.22723,0.00679655,0.989525490346422,1.01716279966813,231.872798568114,3.36350845957569e-06,0.0196555
541,0.534679,0.0960743,-0.438605,0.0692261,0.909324138877884,1.00056543623954,899.392602749886,0.000132032877277879,0.213629
542,0.396102,0.121499,-0.274602,0.123943,0.843823399421018,1.0084876008565,376.026241650441,0.000372997319069209,0.40637
543,0.449792,0.269672,-0.18012,0.269327,0.668007342061992,1.0064054915619,443.222220152109,0.0015292916260504,1.05874
544,0.324181,0.0928553,-0.231326,0.163627,0.783730616956331,1.00850943540928,375.431220726835,0.000799220980992819,0.561936
545,0.448933,0.509629,0.0606961,0.531515,0.37632982232478,1.00645185079624,441.46038323932,0.00377898387465016,3.25877
546,0.263389,0.478815,0.215426,0.728712,0.212444726154237,1.00603461657088,457.849310783589,0.001779021978476,7.71541
547,0.396384,0.121478,-0.274906,0.123828,0.843957642296687,1.00847316215212,376.420774155614,0.000372366516223623,0.405942
548,0.723502,0.104432,-0.619071,0.0348579,0.950133349542133,1.00143756184734,778.801251336946,5.68917150302506e-05,0.103739
549,0.279486,0.0841071,-0.195379,0.170768,0.767447826806726,1.01135913794733,311.394580951578,0.00111182370740665,0.591513
550,0.279021,0.277551,-0.00146993,0.486754,0.449747688542468,1.00585343774514,465.357943918402,0.00196787469782912,2.72406
551,0.291289,0.105018,-0.186271,0.200866,0.740492866833479,1.00918704961991,357.874962144663,0.00105728454737509,0.721972
552,1.01679,0.221285,-0.795504,0.297855,0.64879233295314,1.01004320389496,337.952768676778,0.00137472295179232,1.21846
553,0.910084,0.129181,-0.780904,0.165226,0.793577409862734,1.00112820682067,817.656486114566,0.000477053995058152,0.568517
554,0.294036,0.0900912,-0.203945,0.173343,0.768451776849131,1.01016947714419,335.204613487708,0.000994683811140452,0.602301
555,0.317264,0.0959112,-0.221352,0.171797,0.774364085016258,1.00860758110267,372.780180320594,0.000848868616888009,0.595815
556,0.330754,0.114696,-0.216058,0.195977,0.751616405774538,1.00682552543862,427.763142390406,0.000833841415832725,0.700115
557,1.35227,0.0801809,-1.27209,0.00667183,0.989694943003325,1.01699751091665,233.55735789495,3.25580208740969e-06,0.0192924
558,0.295672,0.083131,-0.212541,0.16006,0.782029418376655,1.01073906724392,323.355971667789,0.00095945372687892,0.547352
559,0.31803,0.0927103,-0.22532,0.166051,0.780307426327071,1.00882720101613,366.98417806143,0.000833841297857217,0.571921
560,0.314825,0.100519,-0.214307,0.180633,0.765031875044576,1.00839369496522,378.607397644625,0.000877844102071047,0.633216
561,0.446019,0.078704,-0.367315,0.0609411,0.918502731442693,1.00572935616783,470.646421188014,0.000122731948628805,0.186402
562,0.317264,0.0959112,-0.221352,0.171797,0.774364085016258,1.00860758110267,372.780180320594,0.000848868616888009,0.595815
563,0.31803,0.0927103,-0.22532,0.166051,0.780307426327071,1.00882720101613,366.98417806143,0.000833841297857217,0.571921
564,0.27821,0.266417,-0.0117928,0.473873,0.46252401621301,1.00601530787194,458.637779236271,0.00199369738933464,2.58705
565,0.317264,0.0959112,-0.221352,0.171797,0.774364085016258,1.00860758110267,372.780180320594,0.000848868616888009,0.595815
566,0.314825,0.100519,-0.214307,0.180633,0.765031875044576,1.00839369496522,378.607397644625,0.000877844102071047,0.633216
