Codon,alpha,beta,beta-alpha,Prob[alpha<beta],Prob[alpha>beta],BayesFactor,PSRF,Neff
1,1.647323703524524,0.1477282728161983,-1.499595430708326,0.09068907767712554,0.8747842305757427,0.286436397413666,1.006248936792568,224.6395685767904
2,0.8481322675369611,0.5212718218500734,-0.3268604456868878,0.2614335469559005,0.6788524071221307,1.016616989544399,0.9993433413756173,574.8094934030149
3,0.5475209658235068,0.5216152842251744,-0.0259056815983324,0.4659563192617516,0.4725959051369782,2.50584411685172,1.001745623115652,371.8217254335122
4,0.8639413788798418,0.5466356090031872,-0.3173057698766546,0.2733863832542988,0.6654061829746316,1.080585094860085,0.9995373726193166,550.4569939868488
5,0.6399070243749666,0.2058721889104362,-0.4340348354645304,0.1812742778926509,0.7656190373067985,0.6358920191379264,1.002173841944759,349.8898254664013
6,0.6218515868650242,0.1832610187897024,-0.4385905680753218,0.1669956721978562,0.7784389876547202,0.5757627765307752,1.002248101135096,346.3497370064448
7,0.5068396026411426,0.2745036587763378,-0.2323359438648048,0.2810488248697997,0.6538496424803379,1.122711060938051,0.9988393104532325,649.533926604287
8,0.651909510790405,0.1683151249286453,-0.4835943858617598,0.1478922136929473,0.800242404425379,0.4984669877592994,1.003258613189266,304.4945813222486
9,0.5678017796157481,0.5766769885355859,0.00887520891983784,0.4880192184406283,0.4508657893494279,2.737593062194748,1.00247830537418,335.8214794473778
10,0.6399070243749666,0.2058721889104362,-0.4340348354645304,0.1812742778926509,0.7656190373067985,0.6358920191379264,1.002173841944759,349.8898254664013
11,0.7718700780067825,0.6763858768615434,-0.09548420114523914,0.3711990854385612,0.5607064450230499,1.695428027614329,1.000503446907168,454.7078014106832
12,0.9927803775082047,0.5088127783700773,-0.4839675991381274,0.222682662364244,0.7223982891764335,0.8227609595590505,0.9989186426556331,636.5020274021728
13,1.216366324296853,0.6654131260053905,-0.5509531982914623,0.1832238347315585,0.7514030187834224,0.644264998796107,0.9987621678052403,662.7314544820058
14,1.011895905227636,0.1761424579478252,-0.8357534472798107,0.06206561438612192,0.9182250804008267,0.1900484038584746,1.031001978964304,72.84067059715392
15,1.070948418786491,0.193239587544266,-0.8777088312422254,0.06764333517530316,0.9116940880904446,0.208366817374459,1.026400956027481,82.9540786277061
16,0.908304340703728,0.4925302430583283,-0.4157740976453997,0.2276435484174977,0.7168376087110593,0.8464926537967699,0.9989135386253254,637.3246144883452
17,0.6725259621539531,0.2346841188891942,-0.4378418432647588,0.1961456203654283,0.7527087502007308,0.7007883261283843,1.002714524410294,325.6702599064163
18,0.5998448367048123,0.5182677809483343,-0.081577055756478,0.4355708948948689,0.5036829281625745,2.216333329236892,1.001424332889888,390.1931892455615
19,1.006837983331089,0.1915074415816428,-0.8153305417494466,0.07035525951009922,0.9082339132754902,0.2173527694358958,1.030254018297363,74.30507375167289
20,1.450203215159195,0.1589062184668583,-1.291296996692337,0.02704470493330335,0.9623723627293366,0.0798316282119735,1.015792129342411,123.3257974376667
21,0.555179997594464,0.4837786358440348,-0.07140136175042922,0.4341518086821857,0.5044726188376177,2.203572318508912,1.001112085847054,409.8944482085365
22,0.5742811096785715,0.7371754738113123,0.1628943641327408,0.597884508855496,0.340189045551044,4.270238406597391,1.003633422982424,291.4575421366416
23,0.6496060442943262,0.1771095373775801,-0.4724965069167462,0.1556480388868515,0.7922309474307565,0.529426605327832,1.002982255380642,314.8901030394446
24,0.9699512568058306,0.5079670881866905,-0.4619841686191402,0.2259630253346772,0.7186719891573164,0.8384193625115507,0.9989468710925921,631.9909126114256
25,0.651909510790405,0.1683151249286453,-0.4835943858617598,0.1478922136929473,0.800242404425379,0.4984669877592994,1.003258613189266,304.4945813222486
26,0.8173524381496613,0.7350259805405961,-0.08232645760906521,0.4169717028773788,0.5059174997053375,2.054010101593963,1.00102718611571,415.6034451762683
27,0.62988453440993,0.1828232312706949,-0.447061303139235,0.1647669275361958,0.7813832278666306,0.5665627092990745,1.002419342058828,338.4559972292214
28,0.5607675995719201,0.2002687693019039,-0.3604988302700162,0.1987220400241543,0.7405386758361475,0.7122762526825744,1.000728835695076,437.0049292564462
29,0.4575159730836791,0.281326195405746,-0.1761897776779331,0.3111493608578119,0.6179006036106162,1.297267305905274,1.00032692519861,469.6160925146539
30,0.6448465511109405,0.1965480226477579,-0.4482985284631826,0.1726049693342041,0.774744146936909,0.5991368231371154,1.002450930550538,337.0394268535919
31,0.8600953251588495,0.2168840743112266,-0.6432112508476229,0.09633624803126943,0.876836841477685,0.3061741292719202,1.032790311835171,69.57434633353037
32,1.971572190156989,0.1267026547176624,-1.844869535439327,0.008206736612925324,0.9876186602026967,0.0237648439458624,1.007588536638312,201.158781763067
33,2.544485456283974,0.1522694548013575,-2.392216001482617,0.006934139716780197,0.9893721684469121,0.02005396079722845,1.012452054939537,146.1899058218563
34,0.6581474080042685,0.1942994626670624,-0.4638479453372061,0.1678723500192067,0.7805237755739721,0.5793951327661325,1.002795070375422,322.34933079292
35,0.62988453440993,0.1828232312706949,-0.447061303139235,0.1647669275361958,0.7813832278666306,0.5665627092990745,1.002419342058828,338.4559972292214
36,0.9656877929537913,0.177894153106599,-0.7877936398471922,0.06562053702764911,0.9137463785074924,0.2016982459251114,1.033156583465048,68.94314019334095
37,0.6265051124234444,0.1973679921638387,-0.4291371202596057,0.1776325088117101,0.768184787127868,0.6203576485694631,1.001997335337517,358.6052730543911
38,0.6464127538587832,0.1899748023534641,-0.456437951505319,0.1668996907148535,0.7806238074212682,0.575365558889729,1.002618997924826,329.6997101691306
39,1.571183812289662,0.137890277469026,-1.433293534820636,0.01914402152152078,0.9729242149551027,0.05605489660060045,1.010909692001539,159.9858216368442
40,0.8973391130505363,0.1790939968435223,-0.718245116207014,0.07089551697664612,0.907052232625866,0.2191491768176878,1.034827117295733,66.21149593116165
41,0.9583391402329609,0.7861251160338825,-0.1722140241990784,0.3940622428245962,0.5272177174910434,1.867765870103632,1.000245288230811,476.849342948081
42,0.8965441083114429,0.1808763131674573,-0.7156677951439856,0.07197074657439441,0.9057680273158638,0.2227306410168593,1.034756786556092,66.32187110866678
43,1.157719800935597,0.1689605103068536,-0.9887592906287432,0.0520873254702006,0.9308186521538071,0.1578153902189771,1.022815975705071,93.15276653860595
44,0.626768941969212,0.1962335939474168,-0.4305353480217952,0.1766280951814066,0.7692152037364106,0.6160973871890368,1.002030048337148,356.9570075461804
45,0.5914352076378758,0.2149370565209618,-0.376498151116914,0.2015574659261847,0.7411174137206278,0.7250047479782082,1.000827997989521,429.6491571930384
46,0.8076660381216098,0.5161748387518217,-0.2914911993697881,0.270005061952322,0.6694760931744469,1.06227676682919,0.9993736473571142,570.863865724816
47,0.5797904217489201,0.5200000433023685,-0.05979037844655166,0.4466259948545579,0.4923284536496642,2.31798631628041,1.001556559578427,382.4148248658385
48,1.079549029918494,0.1561091224292393,-0.9234399074892552,0.04897636540069036,0.9343827895668675,0.1479043229919187,1.02821119137478,78.64071067610649
49,1.028749680728203,0.9165965424626143,-0.1121531382655883,0.4225772786043439,0.4934149853269323,2.101831508239842,0.9994158694914418,565.4568677780654
50,0.9610948430945914,0.7727796146557165,-0.1883152284388748,0.3877242422312298,0.5341756117234464,1.818701884816684,1.000262086461331,475.3426795491874
51,1.162069466386193,0.1606561779413019,-1.001413288444891,0.04809939122287628,0.9357156956836539,0.1451221154933587,1.023027883067412,92.47739135030348
52,1.415051547268482,0.16014823504817,-1.254903312220312,0.02818737022713559,0.9608652144302839,0.08330242540380516,1.018345666179675,110.2566761272332
53,1.012188457925663,0.174405186306698,-0.8377832716189646,0.06115165789313628,0.9193289577188513,0.1870675324153127,1.031093188200468,72.66624727745753
54,0.9948675520286183,0.5140113439995611,-0.4808562080290573,0.225551531018986,0.7190969349471235,0.8364478695385544,0.9989649124662836,629.141306172711
55,0.6218515868650242,0.1832610187897024,-0.4385905680753218,0.1669956721978562,0.7784389876547202,0.5757627765307752,1.002248101135096,346.3497370064448
56,1.519930797794981,0.1569988666882303,-1.36293193110675,0.02509698682856518,0.9649571907288934,0.07393427108692464,1.011693318922889,152.6581790749515
57,0.9483239164693746,0.1707588198028115,-0.7775650966665631,0.06282883702906523,0.9170053294245839,0.1925421112768579,1.03417337492778,67.25274231828556
58,1.207865537746996,0.6686107601325284,-0.5392547776144678,0.1858101374191712,0.7484054686922377,0.6554345630295366,0.9987855077490072,658.6819038467713
59,1.018764384563729,0.1759001260449494,-0.8428642585187796,0.06157538454938911,0.9188441105004793,0.1884487960455674,1.030641831804804,73.5381168240359
60,0.5772972709560241,0.2465002897101948,-0.3307969812458293,0.231382494495626,0.7102110950180984,0.8645813296941829,1.000007936420604,499.2155364139118
61,0.564676908779103,2.327355883664668,1.762678974885565,0.9239715247472688,0.03791818077789635,34.90341587102175,1.004012996713934,279.3583433500093
62,0.9554751938012485,0.1946476896989489,-0.7608275041022996,0.07536438942134148,0.9020443410305177,0.2340891016768841,1.032503856807181,70.07659408752498
63,0.5523874718505383,0.5914120210544205,0.03902454920388221,0.5048521754616324,0.4341415142681603,2.928296053705313,1.00275163056665,324.1318046137316
64,0.5598892484808186,2.055937873271854,1.496048624791035,0.8934441377674966,0.06476200007777139,24.081064527089,1.003865622066919,283.9331563560207
65,0.5489988911377526,0.4734812766444706,-0.07551761449328198,0.4298255362365972,0.5086679275878705,2.165060697757669,1.000996580220291,417.7010675227248
66,0.572825059430522,0.919856956534878,0.347031897104356,0.6902683487979693,0.2490469023021424,6.400560361721352,1.004260502465955,272.0024343546702
67,1.685265473917119,0.1543526723233164,-1.530912801593803,0.03415811031677624,0.9537631200293413,0.1015718645744136,1.009259628985822,178.0466780233164
68,1.071820465984968,0.1737059413507379,-0.89811452463423,0.05787438351556069,0.9235151792933884,0.1764262450363874,1.027646412071396,79.93511499731785
69,0.5523419516267751,2.358401136670967,1.806059185044192,0.9293967842677076,0.03506233980526825,37.80613744196437,1.004189811183296,274.0630215232991
70,0.5802132092369479,0.4794615339006603,-0.1007516753362876,0.417091890039573,0.5221004048687896,2.055025774751849,1.000904736093857,424.1260072271356
71,0.6185326963099239,0.1978237895259823,-0.4207089067839417,0.1799650007502664,0.7651635279132251,0.6302912665536031,1.001810622035068,368.3154870736309
72,1.684908058946965,0.1544208731738941,-1.530487185773071,0.02150786292185805,0.9697586750156477,0.06312851091571274,1.00617558199922,226.0877338508315
73,1.322137948818324,0.9449485254826262,-0.3771894233356978,0.3094281823253712,0.5952213394338411,1.286875820554755,0.9979461046969355,844.4913159149539
74,0.5914352076378758,0.2149370565209618,-0.376498151116914,0.2015574659261847,0.7411174137206278,0.7250047479782082,1.000827997989521,429.6491571930384
75,0.9107608331104237,0.8010007259490142,-0.1097601071614095,0.4137496579073354,0.5069082436548997,2.026936596838692,1.000494243157498,455.4614940620761
76,0.6617390725167651,0.1799614863348884,-0.4817775861818767,0.1555062394234993,0.7933162697380729,0.5288554683868618,1.003162137576481,308.0437666885466
77,1.559886376087128,0.1379802602133727,-1.421906115873755,0.01933585951281848,0.9726638559246282,0.05662768564850339,1.011383815523956,155.4686308858627
78,1.958947399585633,0.7240489567611725,-1.23489844282446,0.1727400442807597,0.765014965723923,0.5997035913948231,0.9987299588992047,668.4027427907803
79,2.537297975372323,0.1511450515028501,-2.386152923869473,0.006873624354958989,0.9894660764498256,0.01987773532146815,1.01255937071265,145.3201257532106
80,1.073002204898262,0.1736675939786219,-0.8993346109196398,0.05780145319717409,0.9236075735997954,0.1761902828060591,1.027576778573208,80.09781392079506
81,0.626768941969212,0.1962335939474168,-0.4305353480217952,0.1766280951814066,0.7692152037364106,0.6160973871890368,1.002030048337148,356.9570075461804
82,1.043306044197882,0.2352387587972928,-0.8080672854005891,0.07089609386036549,0.9067048170358506,0.2191510961274248,1.046879502518673,51.71719991898711
83,0.8359130142579794,0.1720423495848792,-0.6638706646731002,0.1249369081841736,0.833441017069539,0.4100501858513416,1.005366690561964,243.4142419527725
84,0.6617390725167651,0.1799614863348884,-0.4817775861818767,0.1555062394234993,0.7933162697380729,0.5288554683868618,1.003162137576481,308.0437666885466
85,1.527933523895865,0.1452063073678665,-1.382727216527998,0.02172283553139078,0.969459968932604,0.06377349574193317,1.012255053154277,147.8147203467696
86,0.4993098670218664,0.2776819597736937,-0.2216279072481727,0.2869828342746117,0.6471511552082576,1.155956683679246,0.9988832820976781,642.245143836986
87,0.8090107637505939,0.2499166862779365,-0.5590940774726574,0.1226245424438268,0.8461717112334124,0.4014001620349061,1.029681599049234,75.46845608184145
88,0.6318489224249328,0.1748175680739288,-0.457031354351004,0.1576138243995364,0.7887312318445926,0.5373641650903381,1.002680597827712,327.0898750631158
89,1.653490154200325,0.1403004666668156,-1.51318968753351,0.01853429811080124,0.9737617336541573,0.05423587387490259,1.0080007776296,194.9057045913895
90,0.6185326963099239,0.1978237895259823,-0.4207089067839417,0.1799650007502664,0.7651635279132251,0.6302912665536031,1.001810622035068,368.3154870736309
91,1.456573991464462,0.8399023652088156,-0.616671626255646,0.257171447202593,0.6579535798305678,0.9943053713549804,0.997795961354108,889.4370446194687
92,0.659111196817763,0.1903411092971181,-0.4687700875206449,0.1644761002412072,0.7840346849001456,0.5653658193235795,1.002889085654928,318.5586935992808
93,0.6617390725167651,0.1799614863348884,-0.4817775861818767,0.1555062394234993,0.7933162697380729,0.5288554683868618,1.003162137576481,308.0437666885466
94,0.5196728609141253,0.8588961110329872,0.3392232501188619,0.7045318579576514,0.2374670215795301,6.84818683332045,1.004640375790807,261.4463266840962
95,0.9686871698256845,0.5584149487272565,-0.410272221098428,0.2566097232243008,0.6836384420448132,0.991383889970931,0.9993615107097069,572.4374090821901
96,1.063986838366012,0.5959769581646736,-0.468009880201338,0.2601511394914375,0.6789172039144356,1.009876691881931,0.9993007863646024,580.4434475756838
97,0.6584278374970102,0.1931806733068061,-0.4652471641902041,0.1669065212321122,0.7815229355646223,0.5753938238375369,1.002824046729189,321.1713259814362
98,0.5206775434530316,0.5270587144265644,0.006381170973532746,0.486817172300485,0.4515440694553058,2.724453497144826,1.001969208446398,360.0348142463037
99,2.040822844092189,0.7338132206440041,-1.307009623448185,0.1706625661016883,0.7668670630858238,0.5910070048087642,0.9986467874736318,683.5091756155208
100,1.830469783461156,0.2638321552999007,-1.566637628161255,0.1648768948765153,0.7949794388603367,0.5670154933960226,1.00377183846869,286.9243164664708
101,1.076399188880293,0.1557598345802684,-0.9206393543000249,0.04892966111357129,0.9344260503545622,0.1477560239226267,1.028409531876672,78.19652062703675
102,0.6149143017338252,0.2150131094212411,-0.3999011923125841,0.1949745873317123,0.7498296151988848,0.6955911456402099,1.001394135017438,392.0146454540271
103,1.093406206623293,0.1969705257821031,-0.8964356808411897,0.06833451954200331,0.9109162294742962,0.2106520870033596,1.024795583660335,87.21773515583348
104,0.618379465100616,0.1985639549592697,-0.4198155101413463,0.1806094469017795,0.7645054181212581,0.633045805510401,1.001792924740255,369.2634973444389
105,0.6846275326277965,0.1828636620284195,-0.501763870599377,0.1534926922709197,0.7969516411642558,0.5207659945846406,1.003545411926162,294.4162444277159
106,2.016633555708387,0.1481872881405826,-1.868446267567805,0.01073797425903484,0.983876924061667,0.03117429534984147,1.005899212075987,231.7186836966846
107,1.65083756457524,0.1327134616786385,-1.518124102896601,0.01676343660799616,0.9761499663688191,0.0489655527894402,1.008717934063816,184.9223356930537
108,0.593435210290741,0.7365107797079613,0.1430755694172203,0.5875355163977939,0.349985269729509,4.091034970239785,1.003518629773505,295.3287056018572
109,1.334148693768364,0.4918264117668006,-0.8423222820015633,0.1247801247029021,0.8325452858426015,0.4094622507482948,0.9998984631862178,510.2599767245447
110,0.5678012295902859,0.5767045600470084,0.008903330456722536,0.4880344612810837,0.4508506670988343,2.737760077834563,1.002478683651189,335.8047116818069
111,0.651909510790405,0.1683151249286453,-0.4835943858617598,0.1478922136929473,0.800242404425379,0.4984669877592994,1.003258613189266,304.4945813222486
112,0.5693305461229435,0.5119845175010821,-0.05734602862186144,0.4466840255756307,0.492144055384456,2.318530632943683,1.001480624457727,386.8430567382694
113,1.101659925851038,0.1678275418116641,-0.9338323840393741,0.05371468454799139,0.9286707731180954,0.1630258804426373,1.026183981543146,83.50468217632042
114,0.6388013637725594,0.2243522374708403,-0.414449126301719,0.1961740192796233,0.7505090033236066,0.7009145518725313,1.00191789429111,362.6727366382956
115,1.01209432791974,0.175456024779533,-0.8366383031402069,0.06169460492605126,0.9186714345141154,0.188837655363949,1.031015434467136,72.81488351440403
116,0.6515745216010694,0.223609766853098,-0.4279647547479715,0.1925008355479561,0.7551145281371503,0.6846619028438692,1.002262141981177,345.6885056907521
117,0.6617390725167651,0.1799614863348884,-0.4817775861818767,0.1555062394234993,0.7933162697380729,0.5288554683868618,1.003162137576481,308.0437666885466
118,0.8968716912543524,0.1808613965062637,-0.7160102947480886,0.07193707652481261,0.9058103390231083,0.222618364148084,1.034756459092314,66.32238593496251
119,0.560542936964635,0.201415091532272,-0.359127845432363,0.1997988537087216,0.7394570837134744,0.7170995476871737,1.000686344161317,440.235261359509
120,0.6617390725167651,0.1799614863348884,-0.4817775861818767,0.1555062394234993,0.7933162697380729,0.5288554683868618,1.003162137576481,308.0437666885466
121,0.6515745216010694,0.223609766853098,-0.4279647547479715,0.1925008355479561,0.7551145281371503,0.6846619028438692,1.002262141981177,345.6885056907521
122,0.8616408580254766,0.4925579596242059,-0.3690828984012707,0.2383129694542775,0.7047960227191815,0.8985799890301723,0.9990262640922799,619.6414029451145
123,0.9555868149421005,0.1946428834186134,-0.7609439315234872,0.0753537811945139,0.9020574682173255,0.2340534662300039,1.032500005573545,70.08339881247093
124,1.006403038949332,0.1916451310892768,-0.8147579078600551,0.07045481273379169,0.908112959861789,0.217683636417852,1.030266618027319,74.27989088120488
125,0.820494572357348,0.4859562619596569,-0.3345383103976911,0.2446622481846674,0.6977099381768219,0.9302750992379973,0.9990551087706353,615.274029062662
126,0.61892754343945,0.2344603647938401,-0.3844671786456099,0.2093005691268651,0.7358001915029811,0.760229308436644,1.001267185894995,399.8635022856762
127,0.4993098670218664,0.2776819597736937,-0.2216279072481727,0.2869828342746117,0.6471511552082576,1.155956683679246,0.9988832820976781,642.245143836986
128,0.542158446594095,0.7558111993441312,0.2136527527500363,0.6242994817295284,0.3152442022207885,4.772399655928336,1.003969990553524,280.6778315668748
129,0.5967941302001188,0.1846892321145578,-0.4121048980855611,0.1745737746321652,0.7684244967117954,0.6074161918436047,1.001730722682799,372.6350236749742
130,1.562593005049542,0.1904133320306975,-1.372179673018845,0.03372047747014548,0.9534403015579018,0.1002251153852442,1.007504954417163,202.4768193296515
131,1.427162943444884,0.1777028445037278,-1.249460098941156,0.03330448397560612,0.9541057350910667,0.09894608846802488,1.015748353982415,123.577874372525
132,0.969159486038658,0.1506933340928949,-0.8184661519457631,0.05104823517548888,0.9313448972749647,0.1544977717055581,1.034245960555357,67.13541969916056
133,1.510537650751955,0.1571256365071559,-1.353412014244799,0.02532437943475627,0.9646555803057805,0.07462156175756751,1.012205773491071,148.226978938152
134,0.9700952583946292,0.2386611716517657,-0.7314340867428635,0.07779381881527546,0.8984340980867234,0.2422717005738294,1.051934329007918,47.46527384492961
135,0.5873250819120225,0.1920441782594602,-0.3952809036525622,0.1835107122039137,0.758561834578839,0.6455004583269246,1.001339356410229,395.3629498923044
136,0.6519730465069277,0.2216576635589753,-0.4303153829479524,0.1909070738092718,0.7567551103976348,0.6776559286028725,1.002285934586804,344.5738390862434
137,0.5458328404704564,1.480050984759522,0.9342181442890656,0.8246345990672372,0.1262144125814729,13.50526982492222,1.003918231182855,282.2827316082262
138,0.9953593143907072,0.514603584925704,-0.4807557294650032,0.2258329311648026,0.7187762529470036,0.8377958472911382,0.9989706393990867,628.2421438476857
139,0.6846275326277965,0.1828636620284195,-0.501763870599377,0.1534926922709197,0.7969516411642558,0.5207659945846406,1.003545411926162,294.4162444277159
140,0.5565767456355425,1.191413583348276,0.6348368377127339,0.7785542271576655,0.1660655368953618,10.09734274049524,1.004206222024201,273.5818436406236
141,0.6401852688601523,0.2175959422013407,-0.4225893266588115,0.1905496976189801,0.7562838980709233,0.6760887350135142,1.002020350564896,357.444036975347
142,1.101226171015806,0.1704115403891703,-0.9308146306266353,0.05498596261263596,0.9271226294404226,0.1671087529487024,1.026071864324569,83.79220839339764
143,1.830469783461156,0.2638321552999007,-1.566637628161255,0.1648768948765153,0.7949794388603367,0.5670154933960226,1.00377183846869,286.9243164664708
144,0.9175905121243388,0.7346207026017144,-0.1829698095226244,0.3823140879068541,0.5410891869848178,1.777617147149789,1.000538203260221,451.8841537345579
145,0.6318489224249328,0.1748175680739288,-0.457031354351004,0.1576138243995364,0.7887312318445926,0.5373641650903381,1.002680597827712,327.0898750631158
146,2.056256322534077,0.1501111604386421,-1.906145162095435,0.01059435725659917,0.9840648526895961,0.03075288445227537,1.006317440721223,223.3041021595583
147,1.433167415870396,0.5060168961307995,-0.9271505197395961,0.1230692818081582,0.8343304416271404,0.4030602856646403,1.000177168680799,483.0590801190097
148,1.030591450575249,0.2149689836184871,-0.8156224669567619,0.08108390039197814,0.8954692921444686,0.2534220480765609,1.027251508056688,80.86711421030492
149,0.9821577169178441,0.5111414471708622,-0.471016269746982,0.225886047566957,0.7187372142737105,0.8380503982206078,0.9989577942463368,630.2625245625281
150,1.014178631698193,0.1539050776340186,-0.8602735540641748,0.05061585160690828,0.9321053647684774,0.1531193925621282,1.032049094837962,70.8898899501809
151,0.5595501272032466,0.5214143311934685,-0.03813579600977812,0.458765556201374,0.4799259318908516,2.434394748011716,1.001681766646738,375.3326407055197
152,1.087046590203153,0.1479694686285514,-0.9390771215746017,0.04482379980446315,0.9394946892201196,0.1347754537116391,1.028126333571095,78.83237699876919
153,0.9361333259585383,0.8179995420765624,-0.1181337838819758,0.4128898550255634,0.507112526995267,2.019762258930541,1.000296167775433,472.3151625074078
154,0.5198115306300226,3.676512010916378,3.156700480286355,0.9792455873998263,0.002828345046394647,135.5085825291314,1.002669516420821,327.5562792964825
155,0.6448465511109405,0.1965480226477579,-0.4482985284631826,0.1726049693342041,0.774744146936909,0.5991368231371154,1.002450930550538,337.0394268535919
156,0.6408557517979473,0.5082394210864402,-0.1326163307115071,0.4113706444958865,0.5286618856129215,2.007136947913368,1.001041234822036,414.6476977041518
157,0.9128591823378065,0.1622946008755177,-0.7505645814622888,0.06038164246746164,0.9197240154892088,0.1845606260437084,1.035336471134191,65.42361829822599
158,3.267773716405219,2.370236637663209,-0.8975370787420101,0.2818494974387524,0.3966657534441008,1.127164809638989,0.9996204350602574,540.6554917235478
159,2.468081106054369,0.5650506900869432,-1.903030415967425,0.05884561459129163,0.9093568531643939,0.1795720986707657,1.004370468024145,268.858754100494
160,0.5607692094514761,1.027800926774564,0.4670317173230881,0.7217748203351747,0.2200673432891122,7.450594393110134,1.004396393630427,268.1283010170758
161,1.088098600530997,3.275317483529513,2.187218882998516,0.8492199561874262,0.03398138536544885,16.1756578323799,1.001236975457767,401.7782877910844
162,0.6641281145217253,0.1709373524068701,-0.4931907621148552,0.1476544153255643,0.8014498196292766,0.4975266492010325,1.003422929387114,298.6365364207872
163,0.6401852688601523,0.2175959422013407,-0.4225893266588115,0.1905496976189801,0.7562838980709233,0.6760887350135142,1.002020350564896,357.444036975347
164,1.094110778352114,0.1969788581257529,-0.8971319202263606,0.06830121029865939,0.9109579016360139,0.2105418785628686,1.024752809802247,87.33762855303317
165,0.6641281145217253,0.1709373524068701,-0.4931907621148552,0.1476544153255643,0.8014498196292766,0.4975266492010325,1.003422929387114,298.6365364207872
166,0.6573871164910553,0.1761865617649863,-0.4812005547260689,0.1533250001579674,0.7951805501753642,0.5200940231457098,1.003153856583481,308.3523193018588
167,0.8232442074474733,0.2495517742182253,-0.5736924332292479,0.120296571611675,0.8489202947370103,0.392737699013828,1.030268521523815,74.27608795885322
168,0.6584278374970102,0.1931806733068061,-0.4652471641902041,0.1669065212321122,0.7815229355646223,0.5753938238375369,1.002824046729189,321.1713259814362
169,1.830469783461156,0.2638321552999007,-1.566637628161255,0.1648768948765153,0.7949794388603367,0.5670154933960226,1.00377183846869,286.9243164664708
170,0.5068396026411426,0.2745036587763378,-0.2323359438648048,0.2810488248697997,0.6538496424803379,1.122711060938051,0.9988393104532325,649.533926604287
171,0.5376728741655568,0.7374698294384043,0.1997969552728476,0.6199791673667692,0.3194877340669844,4.685493252940391,1.003846045509434,284.5523060867455
172,1.041621241556746,0.7476497689418626,-0.2939714726148832,0.3583821334721154,0.5655935892136816,1.604188974666448,0.999970756425641,502.9121033428793
173,0.8469300487897866,1.148954087583369,0.3020240387935826,0.5336361872479664,0.3848488081271905,3.286291275267682,1.00036192779235,466.582077217537
174,0.5835905359086098,0.9872494748237187,0.403658938915109,0.7012479109260712,0.238337938725966,6.741340368621436,1.004147483742548,275.3120515769598
175,0.567927416566694,0.5705096269481538,0.002582210381459782,0.4845376118138018,0.4543230859133535,2.699703927655666,1.002392067401352,339.6888391528792
176,1.156211259080822,0.1690179319405848,-0.9871933271402368,0.05217005201118464,0.9307130850113113,0.1580798330112293,1.022897279539317,92.89242827899984
177,2.719819764626739,0.1859769890724108,-2.533842775554328,0.009060826043830223,0.9859275577569602,0.02626070739885015,1.009412479693321,176.1999836651649
178,0.6265051124234444,0.1973679921638387,-0.4291371202596057,0.1776325088117101,0.768184787127868,0.6203576485694631,1.001997335337517,358.6052730543911
179,1.011408344975376,0.1621119136082098,-0.8492964313671664,0.05489286786950685,0.9268961166089719,0.1668093945250495,1.031803093867099,71.33821476171475
180,1.372797050443477,1.144764444510136,-0.2280326059333415,0.308689369004599,0.5765709332008631,1.282431163505369,0.9986468975272068,683.4887328686862
181,1.07207092856789,0.1676714669056914,-0.9043994616621986,0.05489804988243339,0.9271340398338733,0.1668260564209846,1.02801734175223,79.07999942829437
182,0.8075354293758042,0.519434719148204,-0.2881007102276002,0.2722957532585764,0.6669367023299382,1.074661237102559,0.9994056071762663,566.7615608941167
183,0.61879155705389,0.1966885285103639,-0.422103028543526,0.1789529533659444,0.7661994990105998,0.6259742268738931,1.001844415233473,366.5188436094291
184,1.647323703524524,0.1477282728161983,-1.499595430708326,0.09068907767712554,0.8747842305757427,0.286436397413666,1.006248936792568,224.6395685767904
185,0.6265051124234444,0.1973679921638387,-0.4291371202596057,0.1776325088117101,0.768184787127868,0.6203576485694631,1.001997335337517,358.6052730543911
186,0.6464127538587832,0.1899748023534641,-0.456437951505319,0.1668996907148535,0.7806238074212682,0.575365558889729,1.002618997924826,329.6997101691306
187,0.6584278374970102,0.1931806733068061,-0.4652471641902041,0.1669065212321122,0.7815229355646223,0.5753938238375369,1.002824046729189,321.1713259814362
188,1.00931184143686,0.7040677997981841,-0.3052440416386757,0.3443834289885832,0.581884446059675,1.508613359901812,1.000165789411933,484.1123327271368
189,0.5898674668522979,1.700689796616096,1.110822329763798,0.8312240945859685,0.1173408097241311,14.14468572796972,1.003083977186485,310.9811850496094
190,1.094618944620958,0.1969659886076802,-0.8976529560132775,0.06827013432174288,0.9109965806378018,0.2104390663118854,1.024722906172728,87.42165212720636
191,0.6496060442943262,0.1771095373775801,-0.4724965069167462,0.1556480388868515,0.7922309474307565,0.529426605327832,1.002982255380642,314.8901030394446
192,0.6823215346980819,0.1917552922895875,-0.4905662424084944,0.1610047580968489,0.7891398756002965,0.5511436884291983,1.003343459762444,301.4409435410847
193,0.8076832384461744,0.2500573766204071,-0.5576258618257672,0.1229118842852495,0.8458365830003238,0.4024725595221219,1.029617675361278,75.60076229432867
194,0.6388013637725594,0.2243522374708403,-0.414449126301719,0.1961740192796233,0.7505090033236066,0.7009145518725313,1.00191789429111,362.6727366382956
195,0.5662039415271835,0.5406103442622218,-0.02559359726496169,0.4675533146484879,0.4712258219530042,2.521974191558169,1.001953485949744,360.8389357644367
196,1.830469783461156,0.2638321552999007,-1.566637628161255,0.1648768948765153,0.7949794388603367,0.5670154933960226,1.00377183846869,286.9243164664708
197,0.9043016121156793,0.1532334558796137,-0.7510681562360656,0.05590401307652317,0.925045191576243,0.1700640270555854,1.035617737102025,64.99702022048706
198,0.618379465100616,0.1985639549592697,-0.4198155101413463,0.1806094469017795,0.7645054181212581,0.633045805510401,1.001792924740255,369.2634973444389
199,0.6461420850428744,0.1910647128710454,-0.455077372171829,0.1678537487210685,0.7796395825767866,0.5793179821737552,1.002588000441177,331.0289966279893
200,0.6461420850428744,0.1910647128710454,-0.455077372171829,0.1678537487210685,0.7796395825767866,0.5793179821737552,1.002588000441177,331.0289966279893
201,1.280423416555529,0.162488582614918,-1.117934833940611,0.03212932135125884,0.9556899821299278,0.09533883583968659,1.031366393490535,72.14902035283139
202,0.9354959145672019,0.6627935221883893,-0.2727023923788127,0.3384767051657442,0.5894133517841501,1.469498910004865,1.000349556820185,467.6498638307341
203,0.8993377031961345,0.1790005490399365,-0.720337154156198,0.07069025486828764,0.9073098616858554,0.2184664147829506,1.034822042431423,66.21944723527805
204,0.5614392516082587,0.9079563046754375,0.3465170530671788,0.6931657713657803,0.246691984652735,6.48812082905508,1.004363846255817,269.045969829089
205,0.5563661561422713,0.7117844392604575,0.1554182831181863,0.597271402739421,0.3411274231921838,4.2593651909781,1.003497254469008,296.0610781082718
206,0.6496060442943262,0.1771095373775801,-0.4724965069167462,0.1556480388868515,0.7922309474307565,0.529426605327832,1.002982255380642,314.8901030394446
207,0.6725259621539531,0.2346841188891942,-0.4378418432647588,0.1961456203654283,0.7527087502007308,0.7007883261283843,1.002714524410294,325.6702599064163
208,0.500304132413377,3.214678944823544,2.714374812410167,0.9679391716892779,0.01276807207444114,86.70795685131961,1.004667820364042,260.7157734980822
209,0.9667320594844995,0.7183200949875925,-0.2484119644969069,0.3612242631632978,0.5635729350770715,1.624105091104902,1.000321072080179,470.1273255371869
210,1.027243824923207,0.2359877172750427,-0.7912561076481638,0.07230858475364574,0.9050046496650992,0.2238576545973374,1.048200396182436,50.52809671897058
211,0.6515745216010694,0.223609766853098,-0.4279647547479715,0.1925008355479561,0.7551145281371503,0.6846619028438692,1.002262141981177,345.6885056907521
212,0.9066980344752811,0.499159445302522,-0.4075385891727591,0.2324352370680427,0.7113847248759161,0.8697061956534394,0.998986538694464,625.7593598131423
213,0.578044771989068,0.9240792019617331,0.3460344299726651,0.6536267928054096,0.2864669655430538,5.41964924919086,1.004177445332951,274.426732676525
214,0.5483341205426757,0.7301332074354887,0.181799086892813,0.6103026202812709,0.3286195000569481,4.497833496265268,1.003721580242513,288.5537023374432
215,0.5464306986477523,0.8974158532408699,0.3509851545931176,0.6645921149893373,0.2769401874119048,5.690724247134003,1.004465247450451,266.2077471957358
216,1.428040590343788,0.1373729447491846,-1.290667645594604,0.02126326355936226,0.9700459724392709,0.06239498119251966,1.019609989188878,104.789273169948
217,0.9968100457892495,0.9092069983739199,-0.08760304741532954,0.4592543044056118,0.45278949700013,2.439190892985492,0.9996932198081494,532.3512184776432
218,0.8620727836371846,0.7709066181370959,-0.09116616550008871,0.416950087873123,0.5048064301408547,2.05382748275262,1.00082411525083,429.9324736172766
219,0.626768941969212,0.1962335939474168,-0.4305353480217952,0.1766280951814066,0.7692152037364106,0.6160973871890368,1.002030048337148,356.9570075461804
220,0.9784022271644262,0.1773821743910988,-0.8010200527733273,0.06458776355559093,0.9150432547007841,0.1983046168782632,1.032609928937381,69.88972355776102
221,1.006993904559992,0.1926065031115542,-0.8143874014484375,0.0709234644066212,0.9075531717703917,0.2192421615092279,1.030169102490222,74.47526412629142
222,0.9610084665816274,0.1763332588894123,-0.7846752076922151,0.06505904802291139,0.9143938601078437,0.199852298131656,1.033423219295539,68.49120824571496
223,0.5991496112206059,0.5198587160402808,-0.07929089518032517,0.4369845385766057,0.502246663503222,2.229109357389284,1.001454032609753,388.4183735950413
224,0.6573871164910553,0.1761865617649863,-0.4812005547260689,0.1533250001579674,0.7951805501753642,0.5200940231457098,1.003153856583481,308.3523193018588
225,1.084093849354505,0.1475273279860259,-0.9365665213684794,0.04471947974973729,0.9396113521652605,0.1344471022021897,1.028324145668158,78.38709773861096
226,0.6725259621539531,0.2346841188891942,-0.4378418432647588,0.1961456203654283,0.7527087502007308,0.7007883261283843,1.002714524410294,325.6702599064163
227,1.148744771679179,0.2090539012527045,-0.9396908704264749,0.07143349992166412,0.9072751884937199,0.2209400983842853,1.020847402811457,99.95597718979332
228,1.456816343180082,0.5100991226266451,-0.9467172205534369,0.1230369095600125,0.8342619548529171,0.4029393896769391,1.000237528269753,477.548603464901
229,1.554812050614433,0.1583502136083653,-1.396461837006068,0.02481793507124564,0.9653280225845788,0.07309127944391605,1.009958415172673,169.9120448309961
230,0.5272011045082093,0.5524517122393038,0.02525060773109444,0.4986498349859499,0.4400152254546583,2.856538902114647,1.002327526659107,342.6426379328511
231,0.8985016753699041,0.1800980722860459,-0.7184036030838582,0.07137228873844578,0.906490468189426,0.2207362244287496,1.034760462875138,66.3160919194969
232,1.002153740843875,0.7316446489163748,-0.2705090919274997,0.3593429705255408,0.5650990892151994,1.6109022324439,1.00015737958924,484.8937161964361
233,1.413019388037987,0.1732593139727019,-1.239760074065285,0.03227706234920469,0.9554678603720095,0.09579185678851865,1.017225589169696,115.6197180577769
234,3.193387654933959,0.144535241061801,-3.048852413872158,0.001806365394273592,0.9969386588507163,0.005197283820240412,1.024418765712761,88.28593109733625
235,0.9143638761608178,0.8088097104327726,-0.1055541657280452,0.4157511482805923,0.5046318826933305,2.043719154748043,1.000455640170646,458.6503200131327
236,0.9808553695808528,0.4833367945151753,-0.4975185750656775,0.2083315493181102,0.7389502604486774,0.7557833692660494,0.9986673090145218,679.7183884030461
237,0.9646394788968449,0.1772398509647606,-0.7873996279320843,0.0653220959533039,0.9140940820979125,0.2007168167598539,1.033204571719591,68.86133743390526
238,5.935332875155788,0.8574475752262416,-5.077885299929546,0.03730122468255438,0.9265238751580626,0.1112803023723462,0.9999667914801301,503.3095696954501
239,0.5776846284397971,0.7364658379242529,0.1587812094844558,0.5958393969435756,0.342122441023044,4.234097593203935,1.003610355994362,292.2271536716329
240,0.9147471184195656,0.162211212715964,-0.7525359057036016,0.06021796233995937,0.919934020788638,0.1840282690705635,1.035318358049522,65.45129454929337
241,1.884003960036848,2.920211943723131,1.036207983686283,0.6227474328279644,0.1202924504021428,4.740949918180816,1.001518119478642,384.643627013864
242,1.269017780360502,7.100054669037843,5.831036888677341,0.9527006089029333,0.002283160726315315,57.84775622024963,1.009389000745099,176.4811006168593
243,0.8762867130688579,0.5341827943779898,-0.3421039186908681,0.2624350753798074,0.6775826432792672,1.021897295312364,0.9993992775736629,567.5692973653588
244,1.661073555363611,0.1330333442209554,-1.528040211142656,0.01670640006002442,0.9762300157294496,0.04879611993570761,1.008441570627964,188.6434774396474
245,1.010813298765849,1.233948215049265,0.2231349162834164,0.5726585124254008,0.3265848784238244,3.84863113398482,0.9986123095432473,689.9746534000658
246,0.8359130142579794,0.1720423495848792,-0.6638706646731002,0.1249369081841736,0.833441017069539,0.4100501858513416,1.005366690561964,243.4142419527725
247,0.651909510790405,0.1683151249286453,-0.4835943858617598,0.1478922136929473,0.800242404425379,0.4984669877592994,1.003258613189266,304.4945813222486
248,0.8667439190903711,0.5457275241666476,-0.3210163949237235,0.2720756307294795,0.6668537447217797,1.073467774125067,0.9995230046741289,552.188855388506
249,0.6515745216010694,0.223609766853098,-0.4279647547479715,0.1925008355479561,0.7551145281371503,0.6846619028438692,1.002262141981177,345.6885056907521
250,1.830469783461156,0.2638321552999007,-1.566637628161255,0.1648768948765153,0.7949794388603367,0.5670154933960226,1.00377183846869,286.9243164664708
251,0.626768941969212,0.1962335939474168,-0.4305353480217952,0.1766280951814066,0.7692152037364106,0.6160973871890368,1.002030048337148,356.9570075461804
252,1.739560749102448,0.1546238319696407,-1.584936917132807,0.03370541061532589,0.9543954401897391,0.100178771130234,1.008864608168231,183.0076246466155
253,0.6263494961619099,0.1981065565118226,-0.4282429396500873,0.178271522500679,0.7675307513608018,0.6230734719024784,1.001980485744336,359.4602677597973
254,0.6823215346980819,0.1917552922895875,-0.4905662424084944,0.1610047580968489,0.7891398756002965,0.5511436884291983,1.003343459762444,301.4409435410847
255,2.501368531462215,0.1483623979302861,-2.353006133531929,0.004308543682769552,0.9928560851767715,0.01242771672111965,1.020338121653867,101.8880678084598
256,0.9236557513087679,0.4785517392904671,-0.4451040120183007,0.2151422433347037,0.7311150224607582,0.7872639475873202,0.9987280517260685,668.741617292798
257,0.6496060442943262,0.1771095373775801,-0.4724965069167462,0.1556480388868515,0.7922309474307565,0.529426605327832,1.002982255380642,314.8901030394446
258,0.8359130142579794,0.1720423495848792,-0.6638706646731002,0.1249369081841736,0.833441017069539,0.4100501858513416,1.005366690561964,243.4142419527725
259,0.6149143017338252,0.2150131094212411,-0.3999011923125841,0.1949745873317123,0.7498296151988848,0.6955911456402099,1.001394135017438,392.0146454540271
260,0.5068396026411426,0.2745036587763378,-0.2323359438648048,0.2810488248697997,0.6538496424803379,1.122711060938051,0.9988393104532325,649.533926604287
261,1.072595055442448,0.1821490693999744,-0.8904459860424737,0.06202013635463812,0.9184940697474799,0.1898999398061228,1.027066214966169,81.31232933947817
262,0.9673330065255545,0.5080847607617293,-0.4592482457638253,0.2264840968371832,0.7180848226725894,0.8409188559085784,0.9989540948390333,630.846821665175
263,0.651909510790405,0.1683151249286453,-0.4835943858617598,0.1478922136929473,0.800242404425379,0.4984669877592994,1.003258613189266,304.4945813222486
264,0.626768941969212,0.1962335939474168,-0.4305353480217952,0.1766280951814066,0.7692152037364106,0.6160973871890368,1.002030048337148,356.9570075461804
265,0.9057514814540252,0.1532044616280721,-0.7525470198259532,0.05580083341101707,0.9251804087633175,0.1697315972338009,1.035612097493574,65.0055157979002
266,1.100904441004474,0.1704454069424815,-0.9304590340619923,0.05501349490188541,0.9270877801426505,0.1671972979569605,1.026088749764059,83.74877281731864
267,0.4993098670218664,0.2776819597736937,-0.2216279072481727,0.2869828342746117,0.6471511552082576,1.155956683679246,0.9988832820976781,642.245143836986
268,0.6399070243749666,0.2058721889104362,-0.4340348354645304,0.1812742778926509,0.7656190373067985,0.6358920191379264,1.002173841944759,349.8898254664013
269,0.6218515868650242,0.1832610187897024,-0.4385905680753218,0.1669956721978562,0.7784389876547202,0.5757627765307752,1.002248101135096,346.3497370064448
270,0.6185326963099239,0.1978237895259823,-0.4207089067839417,0.1799650007502664,0.7651635279132251,0.6302912665536031,1.001810622035068,368.3154870736309
271,0.8627246643810281,0.1729234087884221,-0.689801255592606,0.0700865189591625,0.9077736602272438,0.2164599589788624,1.034881471612931,66.12646042736131
272,0.6252976343028138,0.1691441836565533,-0.4561534506462605,0.1542644545666735,0.7914926710957018,0.5238620155099225,1.002735675396796,324.79151477683
273,0.6388013637725594,0.2243522374708403,-0.414449126301719,0.1961740192796233,0.7505090033236066,0.7009145518725313,1.00191789429111,362.6727366382956
274,0.6401852688601523,0.2175959422013407,-0.4225893266588115,0.1905496976189801,0.7562838980709233,0.6760887350135142,1.002020350564896,357.444036975347
275,0.6823215346980819,0.1917552922895875,-0.4905662424084944,0.1610047580968489,0.7891398756002965,0.5511436884291983,1.003343459762444,301.4409435410847
276,0.7512306795651715,0.9194216196660996,0.1681909401009281,0.6255448709910707,0.3078025033526215,4.797823965291031,1.002929876892367,316.9419318794725
277,0.8410397826548331,1.492652630534819,0.6516128478799862,0.651175986907613,0.2638907699650003,5.361392817852995,1.000418209673381,461.7855811141675
278,0.5735566554873252,0.6806599958292725,0.1071033403419474,0.5721645431058218,0.3654708890430429,3.840871633405953,1.003056654218823,312.0214584550327
279,0.9043095554380569,0.1532412081162439,-0.7510683473218129,0.05590804591831167,0.9250403694985095,0.1700770217587104,1.035616878611401,64.99831330936533
280,0.5945888607807068,0.7364836808678562,0.1418948200871494,0.5869419620750981,0.3505488058229915,4.081029247564355,1.003511824732609,295.5614651458369
281,1.078931788419796,0.1476767648540672,-0.9312550235657283,0.04497835108732195,0.9392741475663968,0.1352620418642001,1.028630511094955,77.70780027726448
282,0.61892754343945,0.2344603647938401,-0.3844671786456099,0.2093005691268651,0.7358001915029811,0.760229308436644,1.001267185894995,399.8635022856762
283,0.7582006971527507,1.281322129285399,0.5231214321326486,0.724328582301849,0.2080439706476434,7.546220806882533,1.001575099536238,381.349154381496
284,1.647323703524524,0.1477282728161983,-1.499595430708326,0.09068907767712554,0.8747842305757427,0.286436397413666,1.006248936792568,224.6395685767904
285,1.497324975892668,0.1414824733482931,-1.355842502544375,0.02124230076428493,0.9700967599646884,0.06233213286379593,1.014304534087965,132.5323287083693
286,0.61892754343945,0.2344603647938401,-0.3844671786456099,0.2093005691268651,0.7358001915029811,0.760229308436644,1.001267185894995,399.8635022856762
287,0.5804611190552833,0.495394214267291,-0.08506690478799228,0.4288769249012315,0.5102095289223134,2.156694339353058,1.001154080092227,407.1286959439901
288,0.62988453440993,0.1828232312706949,-0.447061303139235,0.1647669275361958,0.7813832278666306,0.5665627092990745,1.002419342058828,338.4559972292214
289,0.5271473447480184,0.5272510712184484,0.0001037264704299989,0.4827319656138359,0.4556703501018005,2.680254552159584,1.001937432225246,361.6637518541953
290,0.6399070243749666,0.2058721889104362,-0.4340348354645304,0.1812742778926509,0.7656190373067985,0.6358920191379264,1.002173841944759,349.8898254664013
291,0.8845740633360512,1.591529117054816,0.7069550537187653,0.71042772667395,0.1943857408595224,7.046095946659783,1.000279588405689,473.7830731316739
292,0.5915400078632046,0.5166309038950375,-0.07490910396816708,0.4384134756740798,0.5007274521184304,2.24208897019618,1.001440857956149,389.2036572902712
293,0.6448465511109405,0.1965480226477579,-0.4482985284631826,0.1726049693342041,0.774744146936909,0.5991368231371154,1.002450930550538,337.0394268535919
294,0.5611803634193988,0.9937265526162815,0.4325461891968827,0.7141942445153789,0.2270624877313015,7.176802604093608,1.004412062586631,267.6887771370024
295,0.6146749084221869,0.2162066453159914,-0.3984682631061955,0.196002334625323,0.7487808730334942,0.700151594494565,1.001369313361026,393.5247300755008
296,1.164421576300674,0.1606402543930578,-1.003781321907616,0.04801107720255238,0.9358304584877416,0.1448422226580666,1.022896140267359,92.89606579478085
297,0.6448465511109405,0.1965480226477579,-0.4482985284631826,0.1726049693342041,0.774744146936909,0.5991368231371154,1.002450930550538,337.0394268535919
298,0.9604484095328771,0.1918027363455596,-0.7686456731873176,0.07347516623865351,0.9043211137064369,0.227755639053097,1.03250637770204,70.07214068807409
299,1.012048894840871,0.174410135037839,-0.8376387598030319,0.06116161437371095,0.9193163626154124,0.1870999742341355,1.031100365128893,72.65255993393657
300,0.6265051124234444,0.1973679921638387,-0.4291371202596057,0.1776325088117101,0.768184787127868,0.6203576485694631,1.001997335337517,358.6052730543911
301,1.100703365043069,0.1704327898039523,-0.9302705752391166,0.05501717307977731,0.9270832045654464,0.1672091275235257,1.026103388444889,83.71115489183872
302,0.6318489224249328,0.1748175680739288,-0.457031354351004,0.1576138243995364,0.7887312318445926,0.5373641650903381,1.002680597827712,327.0898750631158
303,0.651909510790405,0.1683151249286453,-0.4835943858617598,0.1478922136929473,0.800242404425379,0.4984669877592994,1.003258613189266,304.4945813222486
304,0.6399070243749666,0.2058721889104362,-0.4340348354645304,0.1812742778926509,0.7656190373067985,0.6358920191379264,1.002173841944759,349.8898254664013
305,1.412798984043761,0.1595312450066488,-1.253267739037112,0.02803569141415094,0.9610631447819449,0.08284123773107534,1.018575037171828,109.2212636300932
306,0.6584278374970102,0.1931806733068061,-0.4652471641902041,0.1669065212321122,0.7815229355646223,0.5753938238375369,1.002824046729189,321.1713259814362
307,0.5699524000792477,0.4892780454552792,-0.08067435462396855,0.4299216722123481,0.5089911653123065,2.165910131033735,1.001114871790321,409.7097911527293
308,0.6823215346980819,0.1917552922895875,-0.4905662424084944,0.1610047580968489,0.7891398756002965,0.5511436884291983,1.003343459762444,301.4409435410847
309,1.034334755699578,0.1747046112080962,-0.8596301444914819,0.06017655942120498,0.9205920474359426,0.1838936386597109,1.029794320628814,75.2363346817264
310,1.695834920616765,0.1785467432420272,-1.517288177374738,0.0274738286288476,0.9617157946070147,0.08113411683487781,1.004434107608292,267.0728694916641
311,1.148983101139216,0.2090442437281324,-0.9399388574110835,0.07141704891584366,0.9072953142642266,0.2208853029511428,1.020835004705566,100.0021082971463
312,0.5798036292959436,0.5194885533090622,-0.06031507598688146,0.4462690060304578,0.4926875616319406,2.314640341535525,1.00154821316842,382.8965397355304
313,0.6263494961619099,0.1981065565118226,-0.4282429396500873,0.178271522500679,0.7675307513608018,0.6230734719024784,1.001980485744336,359.4602677597973
314,0.6464127538587832,0.1899748023534641,-0.456437951505319,0.1668996907148535,0.7806238074212682,0.575365558889729,1.002618997924826,329.6997101691306
315,1.310996697717256,0.145530779134879,-1.165465918582377,0.02588120454194938,0.9638887063122255,0.07630591201985371,1.030165927764368,74.48164292888072
316,0.8632764735319913,0.5472336480940312,-0.3160428254379601,0.2739349549291297,0.6647998231307736,1.083571439619163,0.999544239214364,549.6331758127559
317,1.59272673579742,0.1564113856277286,-1.436315350169691,0.02358984724383444,0.9669666500008869,0.06938705698731151,1.00858663049364,186.6714352698818
318,1.689425823495946,0.1821354339999451,-1.507290389496001,0.02854820407602988,0.9602688847636015,0.08440013914798988,1.004366166062981,268.9803523710597
319,0.566413353815474,0.1724376647404658,-0.3939756890750082,0.1723924563184239,0.7670075750492672,0.5982455028097906,1.001856472261911,365.8821004941667
320,0.8624884051497738,0.4925218924937521,-0.3699665126560217,0.2380776832358889,0.7050605876010222,0.8974156087007175,0.9990238381076201,620.0115670658219
321,1.708419996957861,0.153076145958892,-1.555343850998969,0.02081072633246736,0.9706966964739987,0.06103883221895613,1.005852795559827,232.69250175944
322,0.593664639786872,0.1993121970761761,-0.3943524427106959,0.187886028719353,0.7549005427433599,0.6644512618125283,1.001240637827596,401.5451754651647
323,0.6573871164910553,0.1761865617649863,-0.4812005547260689,0.1533250001579674,0.7951805501753642,0.5200940231457098,1.003153856583481,308.3523193018588
324,0.6515745216010694,0.223609766853098,-0.4279647547479715,0.1925008355479561,0.7551145281371503,0.6846619028438692,1.002262141981177,345.6885056907521
325,0.9095469942369576,0.5200880244670183,-0.3894589697699393,0.2455550465847216,0.6964811442526807,0.9347746616450481,0.999188812435465,595.8131846739336
326,0.5854186214916901,0.2013561664331513,-0.3840624550585389,0.1919983442534003,0.74996657792427,0.6824500316363789,1.001032405632517,415.2478376113698
327,0.6725259621539531,0.2346841188891942,-0.4378418432647588,0.1961456203654283,0.7527087502007308,0.7007883261283843,1.002714524410294,325.6702599064163
328,0.5637530016163833,0.7104640333417901,0.1467110317254068,0.5923028029865526,0.3458416223517074,4.172455252222396,1.003446744381922,297.8063892266666
329,1.519976065127944,0.1570079242244774,-1.362968140903467,0.02510221985942157,0.9649504904087511,0.07395008423824588,1.011700339193697,152.5956387570887
330,0.9680102197951465,0.2389519732374112,-0.7290582465577352,0.0781009484907649,0.8980653742312967,0.2433092194561994,1.052004339007938,47.4116809312498
331,1.158003806425406,0.1689586770227124,-0.9890451294026935,0.05207590833818872,0.9308328488488119,0.1577788979592833,1.022799245139009,93.2065273795898
332,0.8082479205615594,0.2499605971040829,-0.5582873234574766,0.1227672467295051,0.8460034093445161,0.4019326653563541,1.029642447117993,75.54943294791721
333,0.62988453440993,0.1828232312706949,-0.447061303139235,0.1647669275361958,0.7813832278666306,0.5665627092990745,1.002419342058828,338.4559972292214
334,0.626768941969212,0.1962335939474168,-0.4305353480217952,0.1766280951814066,0.7692152037364106,0.6160973871890368,1.002030048337148,356.9570075461804
335,0.9368465916917653,0.1534505827051243,-0.783396008986641,0.05416209287360885,0.9273749968218106,0.1644615380302532,1.035152228746813,65.70630000850608
336,1.647323703524524,0.1477282728161983,-1.499595430708326,0.09068907767712554,0.8747842305757427,0.286436397413666,1.006248936792568,224.6395685767904
337,0.8759776764804968,0.2020133846054291,-0.6739642918750677,0.08595175821336615,0.889101946506248,0.2700668462079987,1.033749418027097,67.94677965378766
338,0.6584278374970102,0.1931806733068061,-0.4652471641902041,0.1669065212321122,0.7815229355646223,0.5753938238375369,1.002824046729189,321.1713259814362
339,0.6263494961619099,0.1981065565118226,-0.4282429396500873,0.178271522500679,0.7675307513608018,0.6230734719024784,1.001980485744336,359.4602677597973
340,0.6265051124234444,0.1973679921638387,-0.4291371202596057,0.1776325088117101,0.768184787127868,0.6203576485694631,1.001997335337517,358.6052730543911
341,0.5873250819120225,0.1920441782594602,-0.3952809036525622,0.1835107122039137,0.758561834578839,0.6455004583269246,1.001339356410229,395.3629498923044
342,1.067931059780049,0.7342172078055166,-0.3337138519745321,0.3473116253466202,0.577749057954708,1.528266412762081,0.9999061561522777,509.4677955288425
343,0.6725259621539531,0.2346841188891942,-0.4378418432647588,0.1961456203654283,0.7527087502007308,0.7007883261283843,1.002714524410294,325.6702599064163
344,0.61879155705389,0.1966885285103639,-0.422103028543526,0.1789529533659444,0.7661994990105998,0.6259742268738931,1.001844415233473,366.5188436094291
345,0.6573871164910553,0.1761865617649863,-0.4812005547260689,0.1533250001579674,0.7951805501753642,0.5200940231457098,1.003153856583481,308.3523193018588
346,0.6000433516576973,0.1705092181971489,-0.4295341334605484,0.1614849449419256,0.7817436689827048,0.5531040018864884,1.002272080144879,345.2220242948774
347,0.8359130142579794,0.1720423495848792,-0.6638706646731002,0.1249369081841736,0.833441017069539,0.4100501858513416,1.005366690561964,243.4142419527725
348,1.691625544605574,0.1785770100301968,-1.513048534575377,0.02755556813560739,0.9616080882469727,0.08138234528002319,1.00449247608402,265.4559308722615
349,2.828790315918048,0.131487629929491,-2.697302685988557,0.002169125381332173,0.9963769256061357,0.006243287637663728,1.026399914922075,82.95670241502623
350,0.62988453440993,0.1828232312706949,-0.447061303139235,0.1647669275361958,0.7813832278666306,0.5665627092990745,1.002419342058828,338.4559972292214
351,1.618278162392343,0.1620823227537803,-1.456195839638563,0.02461859549130467,0.9655841063227397,0.07248938686690239,1.007318449476831,205.4823024506967
352,3.531524877114301,0.1597158866133557,-3.371808990500946,0.0007658549918977129,0.9984893977074354,0.002201227384206814,1.024158701515594,89.03925473981006
353,0.6252976343028138,0.1691441836565533,-0.4561534506462605,0.1542644545666735,0.7914926710957018,0.5238620155099225,1.002735675396796,324.79151477683
354,0.6401852688601523,0.2175959422013407,-0.4225893266588115,0.1905496976189801,0.7562838980709233,0.6760887350135142,1.002020350564896,357.444036975347
355,0.8359130142579794,0.1720423495848792,-0.6638706646731002,0.1249369081841736,0.833441017069539,0.4100501858513416,1.005366690561964,243.4142419527725
356,1.891547324670208,0.1476631804596217,-1.743884144210586,0.0171306576326327,0.9756880503748748,0.05005689098327779,1.004780997703093,257.7463398753239
357,0.6584278374970102,0.1931806733068061,-0.4652471641902041,0.1669065212321122,0.7815229355646223,0.5753938238375369,1.002824046729189,321.1713259814362
358,1.020396830814977,0.1489109183979993,-0.8714859124169778,0.04784479308098516,0.9355130027424956,0.1443153607938009,1.031943156676285,71.08222513382255
359,1.830469783461156,0.2638321552999007,-1.566637628161255,0.1648768948765153,0.7949794388603367,0.5670154933960226,1.00377183846869,286.9243164664708
360,0.5873250819120225,0.1920441782594602,-0.3952809036525622,0.1835107122039137,0.758561834578839,0.6455004583269246,1.001339356410229,395.3629498923044
361,0.6318489224249328,0.1748175680739288,-0.457031354351004,0.1576138243995364,0.7887312318445926,0.5373641650903381,1.002680597827712,327.0898750631158
362,1.647323703524524,0.1477282728161983,-1.499595430708326,0.09068907767712554,0.8747842305757427,0.286436397413666,1.006248936792568,224.6395685767904
363,2.158567595257346,1.042569073231833,-1.115998522025513,0.1854774081734193,0.6992168154742624,0.6539936167972127,0.9965485162932578,1597.17981678097
364,1.094394940751708,0.1568102163160388,-0.9375847244356692,0.04873827022398708,0.9347253261866774,0.1471484568570068,1.027259070537051,80.84905198876341
365,0.6252976343028138,0.1691441836565533,-0.4561534506462605,0.1542644545666735,0.7914926710957018,0.5238620155099225,1.002735675396796,324.79151477683
366,1.830469783461156,0.2638321552999007,-1.566637628161255,0.1648768948765153,0.7949794388603367,0.5670154933960226,1.00377183846869,286.9243164664708
367,0.6388013637725594,0.2243522374708403,-0.414449126301719,0.1961740192796233,0.7505090033236066,0.7009145518725313,1.00191789429111,362.6727366382956
368,0.6252976343028138,0.1691441836565533,-0.4561534506462605,0.1542644545666735,0.7914926710957018,0.5238620155099225,1.002735675396796,324.79151477683
369,0.6401852688601523,0.2175959422013407,-0.4225893266588115,0.1905496976189801,0.7562838980709233,0.6760887350135142,1.002020350564896,357.444036975347
370,0.5701939306839339,0.1823798366039167,-0.3878140940800172,0.180112994210119,0.7599257016177614,0.6309234480162265,1.001466929501797,387.6527392188406
371,1.100258891032021,0.1714577344339885,-0.9288011565980328,0.05552441362502607,0.9264621107655954,0.168841370970232,1.026051678576423,83.84419556066676
372,2.184570541711716,0.9487980464254824,-1.235772495286233,0.2120315126474449,0.6978535977071069,0.7728179268193375,0.9962094439920021,2039.310977569929
373,1.100878928191023,0.1704443015958338,-0.9304346265951886,0.05501440323036736,0.9270867238210331,0.1672002192677456,1.026090753300743,83.74362211290216
374,1.006575947574887,0.1926214794458149,-0.8139544681290716,0.07095584447533627,0.9075128947017056,0.2193499011551936,1.030191785028423,74.42972283012928
375,1.999971046328631,0.1425642542468512,-1.857406792081779,0.01012080571665478,0.9847976383203777,0.02936422325723706,1.006203915406748,225.5261324241403
376,1.489725543809025,0.1361331266996655,-1.353592417109359,0.01992641343579429,0.9718518220003094,0.05839236662701459,1.015274064406818,126.3787869345264
377,0.5718848738005131,0.714426015279801,0.1425411414792879,0.5895286252780692,0.3484100106424357,4.124845129415887,1.0034465532415,297.8130334248559
378,1.035734518096523,0.1539711289651894,-0.8817633891313337,0.04972430176073875,0.9332892946531555,0.150281214389555,1.030860228259706,73.11350745699812
379,0.6725259621539531,0.2346841188891942,-0.4378418432647588,0.1961456203654283,0.7527087502007308,0.7007883261283843,1.002714524410294,325.6702599064163
380,1.59876043099491,0.1446356530334065,-1.454124777961504,0.0204200590446935,0.9712159427918197,0.05986910083536608,1.009264730078804,177.9844104031029
381,1.035844667991557,0.1613075791104816,-0.8745370888810751,0.05336219838233175,0.928860500624576,0.161895767735166,1.030486998345977,73.84231203295302
382,0.6617390725167651,0.1799614863348884,-0.4817775861818767,0.1555062394234993,0.7933162697380729,0.5288554683868618,1.003162137576481,308.0437666885466
383,1.44707385807776,0.1745344723672513,-1.272539385710509,0.03181252815549827,0.9560630349206942,0.09436791308672231,1.014605697697339,130.5557369592417
384,0.6823215346980819,0.1917552922895875,-0.4905662424084944,0.1610047580968489,0.7891398756002965,0.5511436884291983,1.003343459762444,301.4409435410847
385,0.651909510790405,0.1683151249286453,-0.4835943858617598,0.1478922136929473,0.800242404425379,0.4984669877592994,1.003258613189266,304.4945813222486
386,2.250183215401532,0.1506832962242076,-2.099499919177324,0.00885852268575028,0.9865578615149694,0.02566913749784326,1.009259665438544,178.0462328971977
387,0.6725259621539531,0.2346841188891942,-0.4378418432647588,0.1961456203654283,0.7527087502007308,0.7007883261283843,1.002714524410294,325.6702599064163
388,1.034299532581721,0.1613572948092927,-0.8729422377724285,0.05345684981584039,0.9287389725481703,0.1621991488628896,1.030571854532425,73.67527047563074
389,0.62988453440993,0.1828232312706949,-0.447061303139235,0.1647669275361958,0.7813832278666306,0.5665627092990745,1.002419342058828,338.4559972292214
390,0.5272031755177687,0.5529242156130394,0.02572104009527065,0.4989329916255226,0.4397373431784317,2.859776145888887,1.002334630087554,342.3149979161732
391,0.9901256413326621,0.9492923352259014,-0.04083330610676073,0.4744659478694176,0.4361728146135292,2.592924150811231,0.9995614395591899,547.5804264664699
392,0.5978725960026929,0.6029505415800601,0.005077945577367182,0.4862988390524979,0.452671252365742,2.718806572010792,1.002658511130718,328.0208135331233
393,0.5914352076378758,0.2149370565209618,-0.376498151116914,0.2015574659261847,0.7411174137206278,0.7250047479782082,1.000827997989521,429.6491571930384
394,0.9805302711035082,0.5110689647961091,-0.4694613063073991,0.2260520152174918,0.7185592952638945,0.8388459938756921,0.9989624473009687,629.5291493739199
395,0.8096277080099638,0.4684042984808529,-0.3412234095291109,0.2348886397801548,0.7086787981542896,0.881704359465145,0.9989192915011381,636.3976097222758
396,1.035597018598841,0.1741686029191429,-0.8614284156796976,0.05985222811569211,0.9209926564988455,0.1828394165947004,1.029785106505794,75.25525236674892
397,0.9676625963305605,0.2389800680590999,-0.7286825282714606,0.07814404678599338,0.8980157462209013,0.2434548656985864,1.052028516871546,47.39320327171059
398,0.6584278374970102,0.1931806733068061,-0.4652471641902041,0.1669065212321122,0.7815229355646223,0.5753938238375369,1.002824046729189,321.1713259814362
399,1.990177157019968,0.7281026655708855,-1.262074491449082,0.1216511108381058,0.8181812871372534,0.3977724021832948,0.9978678212134657,867.3410019181024
400,0.8601372904451228,0.2485689644054019,-0.6115683260397209,0.1147814580849432,0.8554376912142698,0.3723975890965449,1.030982307593713,72.87840491758737
401,0.5271916000050794,0.5519601758504713,0.02476857584539194,0.4983612386670229,0.4402982904119277,2.853243228736965,1.00232016960436,342.9826454616375
402,0.6359275182964016,0.8066923887866686,0.170764870490267,0.5831995444996181,0.3531097731766977,4.018598489717236,1.004087178305198,277.1116611446573
403,0.6823215346980819,0.1917552922895875,-0.4905662424084944,0.1610047580968489,0.7891398756002965,0.5511436884291983,1.003343459762444,301.4409435410847
404,2.712762944440421,0.1520626211682564,-2.560700323272164,0.003506184887474338,0.9941024504824473,0.01010522136133977,1.022101438068473,95.50791445089401
405,1.652571439799831,0.1515568761452529,-1.501014563654578,0.02132137187013231,0.9700097693112818,0.06256920916464577,1.007133198858689,208.5589486351646
406,0.5873250819120225,0.1920441782594602,-0.3952809036525622,0.1835107122039137,0.758561834578839,0.6455004583269246,1.001339356410229,395.3629498923044
407,0.6823215346980819,0.1917552922895875,-0.4905662424084944,0.1610047580968489,0.7891398756002965,0.5511436884291983,1.003343459762444,301.4409435410847
408,1.065624431668212,0.1934622457098121,-0.8721621859583997,0.06804051346222685,0.9112021978747402,0.2096795975528697,1.026710191361752,82.18237005046909
409,0.6581474080042685,0.1942994626670624,-0.4638479453372061,0.1678723500192067,0.7805237755739721,0.5793951327661325,1.002795070375422,322.34933079292
410,1.005076250791884,0.2164542434321605,-0.7886220073597232,0.08357476377388358,0.8924439233482993,0.2619170334014544,1.028603498325521,77.76719724319548
411,1.030427568371814,0.1849685095181102,-0.8454590588537034,0.0656179764784928,0.9140130687889787,0.2016898228439721,1.029391067634829,76.07374613374162
412,1.171630138345103,0.1604841228815914,-1.011146015463512,0.04768920584890647,0.9362451231807263,0.1438225580394299,1.022500994467746,94.17587918705571
413,1.156168801780195,0.1690117394515067,-0.9871570623286878,0.05216876998232857,0.9307149604955729,0.1580757345391096,1.022900722729245,92.88143652143374
414,1.163231172899071,0.1606511652743779,-1.002580007624693,0.04805685351107206,0.9357711404922439,0.1449872946206746,1.022962683520502,92.68410049043452
415,1.647617368615537,0.1761321884203388,-1.471485180195198,0.02779701467297552,0.961307915195053,0.08211581951481958,1.005622954135351,237.6398297906961
416,0.61892754343945,0.2344603647938401,-0.3844671786456099,0.2093005691268651,0.7358001915029811,0.760229308436644,1.001267185894995,399.8635022856762
417,1.161963840361297,0.1606642077358335,-1.001299632625464,0.04810697040206556,0.9357062501026029,0.1451461385380483,1.023033721251426,92.45892881819645
418,1.520045801270683,0.1586723317284379,-1.361373469542245,0.02557491442680678,0.9643213949207323,0.0753791713387811,1.011581295566482,153.6633027432508
419,1.160609890462609,0.1607180794277747,-0.999891811034834,0.04818098804239472,0.9356116554131131,0.1453807657280291,1.023108416142745,92.22339209650116
420,0.904682368481096,0.1532454282240269,-0.7514369402570691,0.05588721015537677,0.92506834315913,0.1700098855433206,1.035617250179832,64.99775363316996
421,0.6573871164910553,0.1761865617649863,-0.4812005547260689,0.1533250001579674,0.7951805501753642,0.5200940231457098,1.003153856583481,308.3523193018588
422,0.6399070243749666,0.2058721889104362,-0.4340348354645304,0.1812742778926509,0.7656190373067985,0.6358920191379264,1.002173841944759,349.8898254664013
423,1.372467730536182,0.2016287850698295,-1.170838945466353,0.04267673474893732,0.9418539162539992,0.1280319015218866,1.017774437746783,112.9258895346755
424,1.652604459126029,0.1403087598201276,-1.512295699305902,0.01854860942130374,0.9737423706422461,0.054278543724079,1.008020382981749,194.6181750259981
425,0.9776827177815622,0.1926270543228848,-0.7850556634586774,0.07277260550042372,0.9052296441378103,0.2254069464330785,1.031664041283645,71.59429272684396
426,0.5873250819120225,0.1920441782594602,-0.3952809036525622,0.1835107122039137,0.758561834578839,0.6455004583269246,1.001339356410229,395.3629498923044
427,0.6823215346980819,0.1917552922895875,-0.4905662424084944,0.1610047580968489,0.7891398756002965,0.5511436884291983,1.003343459762444,301.4409435410847
428,0.6515745216010694,0.223609766853098,-0.4279647547479715,0.1925008355479561,0.7551145281371503,0.6846619028438692,1.002262141981177,345.6885056907521
429,0.618379465100616,0.1985639549592697,-0.4198155101413463,0.1806094469017795,0.7645054181212581,0.633045805510401,1.001792924740255,369.2634973444389
430,0.990534262658271,0.1681683940536703,-0.8223658686046008,0.05907071920195013,0.9217468132663772,0.1803021479258258,1.03256407866999,69.97036988382929
431,0.6496060442943262,0.1771095373775801,-0.4724965069167462,0.1556480388868515,0.7922309474307565,0.529426605327832,1.002982255380642,314.8901030394446
432,4.639126742704509,0.2062798039427221,-4.432846938761786,0.0004862364827650881,0.9989228474072217,0.001397154352103568,1.011231672954206,156.8894290788319
433,0.6823215346980819,0.1917552922895875,-0.4905662424084944,0.1610047580968489,0.7891398756002965,0.5511436884291983,1.003343459762444,301.4409435410847
434,0.8359130142579794,0.1720423495848792,-0.6638706646731002,0.1249369081841736,0.833441017069539,0.4100501858513416,1.005366690561964,243.4142419527725
435,0.6617390725167651,0.1799614863348884,-0.4817775861818767,0.1555062394234993,0.7933162697380729,0.5288554683868618,1.003162137576481,308.0437666885466
436,0.9562955174426173,0.1935044844513936,-0.7627910329912237,0.07468178459929295,0.9028613469773875,0.2317977420833618,1.03254644855865,70.001432027242
437,1.830469783461156,0.2638321552999007,-1.566637628161255,0.1648768948765153,0.7949794388603367,0.5670154933960226,1.00377183846869,286.9243164664708
438,2.196314821150926,0.1795902932593711,-2.016724527891555,0.01311664814543859,0.9800943147520927,0.03817180279464987,1.005844713309148,232.8629184707263
439,0.6388013637725594,0.2243522374708403,-0.414449126301719,0.1961740192796233,0.7505090033236066,0.7009145518725313,1.00191789429111,362.6727366382956
440,1.68758584094009,0.1516725977289581,-1.535913243211132,0.02079002575559099,0.9707247326893655,0.06097682737799544,1.006331545273492,223.0311399239301
441,2.483957630761283,0.1358197091789164,-2.348137921582367,0.003616394405040738,0.9940422985413188,0.01042401052193464,1.021982070541612,95.91351134520789
442,0.8478466107550267,0.5043396568951946,-0.3435069538598321,0.2500528113106508,0.6916090397258838,0.9576056188694406,0.9991770016454271,597.4822535814724
443,0.6149143017338252,0.2150131094212411,-0.3999011923125841,0.1949745873317123,0.7498296151988848,0.6955911456402099,1.001394135017438,392.0146454540271
444,0.6149143017338252,0.2150131094212411,-0.3999011923125841,0.1949745873317123,0.7498296151988848,0.6955911456402099,1.001394135017438,392.0146454540271
445,0.9069714104684505,0.5196226917150518,-0.3873487187533987,0.2458190987013629,0.6961925931091331,0.9361074837611655,0.9991902170780277,595.615308562663
446,1.423236828913238,0.1466333326243425,-1.276603496288896,0.02399055502528944,0.9664197297519903,0.07059466808291633,1.019038452137061,107.1896096774949
447,0.967531686467923,0.2389773697910573,-0.7285543166768657,0.07815207205476189,0.898004354737561,0.243481987770488,1.05202675863579,47.39454645500226
448,0.9523054888658832,0.1705134548884785,-0.7817920339774047,0.062456935720685,0.9174742827511974,0.191326476293595,1.034053529390484,67.44740726281307
449,1.073284288691083,0.1677097257852856,-0.9055745629057976,0.05486605617540143,0.927178231200336,0.1667231889248341,1.027945406672651,79.24432873624923
450,0.6725259621539531,0.2346841188891942,-0.4378418432647588,0.1961456203654283,0.7527087502007308,0.7007883261283843,1.002714524410294,325.6702599064163
451,1.100358500283181,0.1714796365703179,-0.9288788637128628,0.05553288478635303,0.9264530368534343,0.1688686451061629,1.026047259603555,83.85558537430622
452,0.626768941969212,0.1962335939474168,-0.4305353480217952,0.1766280951814066,0.7692152037364106,0.6160973871890368,1.002030048337148,356.9570075461804
453,0.6399070243749666,0.2058721889104362,-0.4340348354645304,0.1812742778926509,0.7656190373067985,0.6358920191379264,1.002173841944759,349.8898254664013
454,1.105002191518175,0.1581606508230047,-0.9468415406951702,0.04897801983938559,0.9344696151633688,0.1479095765609117,1.026546125062651,82.58991992551157
455,0.4993098670218664,0.2776819597736937,-0.2216279072481727,0.2869828342746117,0.6471511552082576,1.155956683679246,0.9988832820976781,642.245143836986
456,0.61879155705389,0.1966885285103639,-0.422103028543526,0.1789529533659444,0.7661994990105998,0.6259742268738931,1.001844415233473,366.5188436094291
457,0.6496060442943262,0.1771095373775801,-0.4724965069167462,0.1556480388868515,0.7922309474307565,0.529426605327832,1.002982255380642,314.8901030394446
458,0.61892754343945,0.2344603647938401,-0.3844671786456099,0.2093005691268651,0.7358001915029811,0.760229308436644,1.001267185894995,399.8635022856762
459,0.6846275326277965,0.1828636620284195,-0.501763870599377,0.1534926922709197,0.7969516411642558,0.5207659945846406,1.003545411926162,294.4162444277159
460,1.647323703524524,0.1477282728161983,-1.499595430708326,0.09068907767712554,0.8747842305757427,0.286436397413666,1.006248936792568,224.6395685767904
461,0.569328632552945,0.5120546533932355,-0.05727397915970944,0.4467340055257505,0.4920939057661354,2.318999526492197,1.001481768126273,386.7755944865032
462,0.6823215346980819,0.1917552922895875,-0.4905662424084944,0.1610047580968489,0.7891398756002965,0.5511436884291983,1.003343459762444,301.4409435410847
463,1.321767846385481,0.2208527406213897,-1.100915105764091,0.04153416774778713,0.9417631715585711,0.1244556170800544,1.031340887151798,72.19697933500844
464,1.093122287042541,0.1969977745840978,-0.8961245124584429,0.06836267706870389,0.9108821030265795,0.2107452563922224,1.024812447750498,87.17056033185622
465,0.6846275326277965,0.1828636620284195,-0.501763870599377,0.1534926922709197,0.7969516411642558,0.5207659945846406,1.003545411926162,294.4162444277159
466,1.019178196370659,0.7030477667060726,-0.3161304296645866,0.3418637576847286,0.5846243077811378,1.491842173491176,1.000130971328098,487.3640017892114
467,0.626768941969212,0.1962335939474168,-0.4305353480217952,0.1766280951814066,0.7692152037364106,0.6160973871890368,1.002030048337148,356.9570075461804
468,1.257759849937222,0.7265878928506584,-0.5311719570865632,0.2469021829658142,0.6782375683934804,0.9415842089919066,0.9993693434921278,571.4208739465938
469,0.5854186214916901,0.2013561664331513,-0.3840624550585389,0.1919983442534003,0.74996657792427,0.6824500316363789,1.001032405632517,415.2478376113698
470,0.6725259621539531,0.2346841188891942,-0.4378418432647588,0.1961456203654283,0.7527087502007308,0.7007883261283843,1.002714524410294,325.6702599064163
471,0.4575159730836791,0.281326195405746,-0.1761897776779331,0.3111493608578119,0.6179006036106162,1.297267305905274,1.00032692519861,469.6160925146539
472,0.913225380239763,0.162277039379192,-0.7509483408605711,0.06034909308041651,0.9197659846745108,0.1844547469025914,1.03533575647561,65.42470980409144
473,0.6846275326277965,0.1828636620284195,-0.501763870599377,0.1534926922709197,0.7969516411642558,0.5207659945846406,1.003545411926162,294.4162444277159
474,0.6584278374970102,0.1931806733068061,-0.4652471641902041,0.1669065212321122,0.7815229355646223,0.5753938238375369,1.002824046729189,321.1713259814362
475,0.5481697057796381,0.4989062762389008,-0.04926342954073726,0.4495456379593745,0.4889495123140487,2.345514358170846,1.001382253604347,392.7360168273307
476,0.5873250819120225,0.1920441782594602,-0.3952809036525622,0.1835107122039137,0.758561834578839,0.6455004583269246,1.001339356410229,395.3629498923044
477,1.698561817105908,0.1424563098250378,-1.556105507280871,0.01841787938566178,0.9739260443411339,0.05388881216826,1.00686881491984,213.1160162585139
478,1.647323703524524,0.1477282728161983,-1.499595430708326,0.09068907767712554,0.8747842305757427,0.286436397413666,1.006248936792568,224.6395685767904
479,0.6000433516576973,0.1705092181971489,-0.4295341334605484,0.1614849449419256,0.7817436689827048,0.5531040018864884,1.002272080144879,345.2220242948774
480,0.6584278374970102,0.1931806733068061,-0.4652471641902041,0.1669065212321122,0.7815229355646223,0.5753938238375369,1.002824046729189,321.1713259814362
481,4.411860909723835,0.1721519745577971,-4.239708935166037,0.0003568407509664245,0.9992890892612809,0.001025215283339201,1.016635720876822,118.6671838233204
482,1.70684030962414,0.1534111465053017,-1.553429163118838,0.02091762395324659,0.9705525862310665,0.06135906647264402,1.005856740328725,232.6094171473377
483,1.06489912503581,0.1934051810007643,-0.8714939440350454,0.06804931800852497,0.9111887602038425,0.2097087116041813,1.026754727521406,82.07246637379293
484,0.6823215346980819,0.1917552922895875,-0.4905662424084944,0.1610047580968489,0.7891398756002965,0.5511436884291983,1.003343459762444,301.4409435410847
485,0.7455514570659731,0.492131408538033,-0.2534200485279401,0.3709444252548059,0.5711251553728072,1.693578995332582,1.000267927016892,474.8210755459604
486,1.063182569771245,0.1997018248028624,-0.8634807449683826,0.07131351723318756,0.9072545256370474,0.2205405015135129,1.026431031817624,82.87835683700284
487,0.6461420850428744,0.1910647128710454,-0.455077372171829,0.1678537487210685,0.7796395825767866,0.5793179821737552,1.002588000441177,331.0289966279893
488,0.6823215346980819,0.1917552922895875,-0.4905662424084944,0.1610047580968489,0.7891398756002965,0.5511436884291983,1.003343459762444,301.4409435410847
489,0.659111196817763,0.1903411092971181,-0.4687700875206449,0.1644761002412072,0.7840346849001456,0.5653658193235795,1.002889085654928,318.5586935992808
490,0.6496060442943262,0.1771095373775801,-0.4724965069167462,0.1556480388868515,0.7922309474307565,0.529426605327832,1.002982255380642,314.8901030394446
491,0.6584278374970102,0.1931806733068061,-0.4652471641902041,0.1669065212321122,0.7815229355646223,0.5753938238375369,1.002824046729189,321.1713259814362
492,1.419605137904038,0.1466988104785126,-1.272906327425525,0.02407973351725867,0.9663007045640638,0.07086355978004817,1.019331820892392,105.9434417064361
493,1.651891477111544,0.1572688954959463,-1.494622581615598,0.02277326843157986,0.9680570795663787,0.06692920284003348,1.006732824864547,215.539920543339
494,0.8359130142579794,0.1720423495848792,-0.6638706646731002,0.1249369081841736,0.833441017069539,0.4100501858513416,1.005366690561964,243.4142419527725
495,2.06805242222975,0.6771222464040234,-1.390930175825727,0.1029106703448374,0.8476495197339655,0.3294658015225602,0.9986756598134978,678.1878849514616
496,0.61892754343945,0.2344603647938401,-0.3844671786456099,0.2093005691268651,0.7358001915029811,0.760229308436644,1.001267185894995,399.8635022856762
497,0.5914352076378758,0.2149370565209618,-0.376498151116914,0.2015574659261847,0.7411174137206278,0.7250047479782082,1.000827997989521,429.6491571930384
498,1.093135339892611,0.1548248359495841,-0.9383105039430273,0.04785949590875703,0.9357949599563178,0.1443619384582958,1.027418231944047,80.4708657835848
499,0.6584278374970102,0.1931806733068061,-0.4652471641902041,0.1669065212321122,0.7815229355646223,0.5753938238375369,1.002824046729189,321.1713259814362
500,0.9247596392556282,0.4787021066686115,-0.4460575325870167,0.2150366833580701,0.7312362258891414,0.7867718575249399,0.9987270279532366,668.9236681058983
501,1.012188339741015,0.1744051904154224,-0.8377831493255923,0.06115166614768569,0.9193289472717279,0.1870675593113385,1.031093194494346,72.66623527182119
502,0.6515745216010694,0.223609766853098,-0.4279647547479715,0.1925008355479561,0.7551145281371503,0.6846619028438692,1.002262141981177,345.6885056907521
503,0.5639870217802361,0.6904400992537367,0.1264530774735007,0.5826318093306579,0.3553188252638361,4.009225375874953,1.003220647722724,305.8813449690429
504,1.091450795563179,0.1702599262646614,-0.9211908692985173,0.05531948620756341,0.9266845053224033,0.1681817263892993,1.026663508809473,82.29790229403078
505,0.5804592090386842,0.4954592203461369,-0.08499998869254732,0.4289258949057423,0.5101600974086431,2.15712555408969,1.00115512409185,407.0604176483586
506,0.9244521635836263,0.5193413559797497,-0.4051108076038765,0.2419845158922126,0.7004908158498606,0.9168433209926928,0.9991461936243624,601.8805766492389
507,0.6388013637725594,0.2243522374708403,-0.414449126301719,0.1961740192796233,0.7505090033236066,0.7009145518725313,1.00191789429111,362.6727366382956
508,1.072502081369152,0.1554996692525231,-0.9170024121166286,0.04897517965630031,0.934354175376338,0.1479005577443001,1.028632690489187,77.70301228029271
509,1.687312122611413,0.1419933019622731,-1.54531882064914,0.01845855967220978,0.9738699489245868,0.05401007685511737,1.00709775456635,209.1583361513244
510,0.6846275326277965,0.1828636620284195,-0.501763870599377,0.1534926922709197,0.7969516411642558,0.5207659945846406,1.003545411926162,294.4162444277159
511,1.59327889582125,0.1446875215779083,-1.448591374243342,0.02052601913347876,0.9710733149132729,0.06018627306259978,1.009471537575368,175.4969044547717
512,1.352057150043938,0.2261458671873877,-1.12591128285655,0.05176895720747994,0.9300382978049653,0.156798128049896,1.0171609720829,115.9456436437373
513,0.6464127538587832,0.1899748023534641,-0.456437951505319,0.1668996907148535,0.7806238074212682,0.575365558889729,1.002618997924826,329.6997101691306
514,0.6464127538587832,0.1899748023534641,-0.456437951505319,0.1668996907148535,0.7806238074212682,0.575365558889729,1.002618997924826,329.6997101691306
515,0.8303984837766606,0.1813988669993141,-0.6489996167773465,0.07800176320431486,0.8981052948356949,0.2429740847395942,1.033464491391954,68.42181447796489
516,0.6401852688601523,0.2175959422013407,-0.4225893266588115,0.1905496976189801,0.7562838980709233,0.6760887350135142,1.002020350564896,357.444036975347
517,1.374793828672178,0.2015322427177106,-1.173261585954467,0.04256690361021456,0.9419937671462451,0.1276877544629955,1.017595615584794,113.7892078889393
518,0.5914352076378758,0.2149370565209618,-0.376498151116914,0.2015574659261847,0.7411174137206278,0.7250047479782082,1.000827997989521,429.6491571930384
519,2.44158645364202,0.1540515887846163,-2.287534864857404,0.007793124209678,0.9880940033418364,0.02255770908288693,1.011130185131659,157.8520748104175
520,1.527301793768657,0.1348299288780712,-1.392471864890586,0.01900655905431422,0.9730956031617343,0.05564459953326831,1.013209097757542,140.2729718357393
521,0.547486215528332,0.5253715348686014,-0.02211468065973055,0.468517882974241,0.4700491466249531,2.531763541149815,1.001805523063927,368.5881245031172
522,1.386057757388981,0.1532678059730305,-1.23278995141595,0.02671873127731035,0.962803394376144,0.0788429911717617,1.021553538051927,97.39965066898468
523,1.796041751276495,0.2061829363091868,-1.589858814967309,0.01965142000863095,0.9692852243095611,0.05757037247085806,1.004388808666042,268.3415902158165
524,0.9448833315476035,0.1794651387491505,-0.765418192798453,0.06778683564635458,0.9110441924140833,0.2088409956369093,1.033835796492655,67.80414484412719
525,0.61892754343945,0.2344603647938401,-0.3844671786456099,0.2093005691268651,0.7358001915029811,0.760229308436644,1.001267185894995,399.8635022856762
526,1.451740576785918,0.1374089488456761,-1.314331627940242,0.02088628099632552,0.9705573027210874,0.06126516482291015,1.017768711967963,112.953322410115
527,0.6388013637725594,0.2243522374708403,-0.414449126301719,0.1961740192796233,0.7505090033236066,0.7009145518725313,1.00191789429111,362.6727366382956
528,0.6823215346980819,0.1917552922895875,-0.4905662424084944,0.1610047580968489,0.7891398756002965,0.5511436884291983,1.003343459762444,301.4409435410847
529,0.9947601674337043,0.4904966275391688,-0.5042635398945355,0.2106965790756233,0.7362146332435509,0.7666535036212814,0.9987261078971393,669.0873607158369
530,1.830469783461156,0.2638321552999007,-1.566637628161255,0.1648768948765153,0.7949794388603367,0.5670154933960226,1.00377183846869,286.9243164664708
531,0.5914352076378758,0.2149370565209618,-0.376498151116914,0.2015574659261847,0.7411174137206278,0.7250047479782082,1.000827997989521,429.6491571930384
532,0.4549580636687084,0.6831957330430199,0.2282376693743116,0.6112988839819902,0.3313021657946503,4.516722830845699,1.004198981166831,273.7939395316216
533,1.830469783461156,0.2638321552999007,-1.566637628161255,0.1648768948765153,0.7949794388603367,0.5670154933960226,1.00377183846869,286.9243164664708
534,0.6399070243749666,0.2058721889104362,-0.4340348354645304,0.1812742778926509,0.7656190373067985,0.6358920191379264,1.002173841944759,349.8898254664013
535,0.5900260691900442,0.2177656821091482,-0.372260387080896,0.2043183270682435,0.7382405212096248,0.7374856843871855,1.000737519929145,436.3506039331986
536,0.6519730465069277,0.2216576635589753,-0.4303153829479524,0.1909070738092718,0.7567551103976348,0.6776559286028725,1.002285934586804,344.5738390862434
537,0.5967941302001188,0.1846892321145578,-0.4121048980855611,0.1745737746321652,0.7684244967117954,0.6074161918436047,1.001730722682799,372.6350236749742
538,0.7487535205499668,0.4913705109330053,-0.2573830096169615,0.3698066727611272,0.5723285310872661,1.685336274225497,1.000241636149231,477.1781796293532
539,0.61892754343945,0.2344603647938401,-0.3844671786456099,0.2093005691268651,0.7358001915029811,0.760229308436644,1.001267185894995,399.8635022856762
540,2.643925578788896,0.1552959546696574,-2.488629624119238,0.006648017771170888,0.9897833946029259,0.01922094050597072,1.012731571840054,143.9464456153011
541,1.093274325793728,0.1970040326830755,-0.8962702931106522,0.06835626457434914,0.9108893405710772,0.2107240378338167,1.024800599022428,87.20369983735675
542,0.8085140830711323,0.2499475720597533,-0.5585665110113789,0.122719005753426,0.8460609493431903,0.4017526340003382,1.029657852820042,75.51754792688345
543,0.9081283101273568,0.5493781148807944,-0.3587501952465625,0.2640885385871162,0.6755408906775883,1.030646213163898,0.9994467568877098,561.5662540521864
544,0.659111196817763,0.1903411092971181,-0.4687700875206449,0.1644761002412072,0.7840346849001456,0.5653658193235795,1.002889085654928,318.5586935992808
545,0.9166874657663218,1.027930867306134,0.1112434015398118,0.5212969862684214,0.3889584208747064,3.127552999858335,0.99988495234687,511.6572754875504
546,0.5386728537934623,0.9703412810235351,0.4316684272300728,0.7216086498069537,0.2210176329129637,7.444432878862954,1.004685375597302,260.2506352671057
547,0.8090928437195146,0.2499020152623907,-0.559190828457124,0.1226047193903003,0.8461944857977592,0.4013262056961306,1.029682543928391,75.46650407336369
548,1.475574321881294,0.2122779425913021,-1.263296379289992,0.03407981536244382,0.9513593822499462,0.1013308340077632,1.015343079555558,125.9631032388436
549,0.566413353815474,0.1724376647404658,-0.3939756890750082,0.1723924563184239,0.7670075750492672,0.5982455028097906,1.001856472261911,365.8821004941667
550,0.5680107505163774,0.5631776118394399,-0.004833138676937465,0.4803477302605604,0.4584871068063595,2.654780016347825,1.002286828470808,344.532102890595
551,0.5914352076378758,0.2149370565209618,-0.376498151116914,0.2015574659261847,0.7411174137206278,0.7250047479782082,1.000827997989521,429.6491571930384
552,2.030332400836772,0.4510118050563469,-1.579320595780425,0.2949467784475479,0.6536463365361429,1.201454645885979,0.9984023713336165,732.1610733030299
553,1.830469783461156,0.2638321552999007,-1.566637628161255,0.1648768948765153,0.7949794388603367,0.5670154933960226,1.00377183846869,286.9243164664708
554,0.5967941302001188,0.1846892321145578,-0.4121048980855611,0.1745737746321652,0.7684244967117954,0.6074161918436047,1.001730722682799,372.6350236749742
555,0.6448465511109405,0.1965480226477579,-0.4482985284631826,0.1726049693342041,0.774744146936909,0.5991368231371154,1.002450930550538,337.0394268535919
556,0.6725259621539531,0.2346841188891942,-0.4378418432647588,0.1961456203654283,0.7527087502007308,0.7007883261283843,1.002714524410294,325.6702599064163
557,2.734417386444957,0.1591537497594861,-2.575263636685472,0.006533740354679324,0.9899363825974863,0.01888836538766547,1.012604833803398,144.9548490988124
558,0.6000433516576973,0.1705092181971489,-0.4295341334605484,0.1614849449419256,0.7817436689827048,0.5531040018864884,1.002272080144879,345.2220242948774
559,0.6464127538587832,0.1899748023534641,-0.456437951505319,0.1668996907148535,0.7806238074212682,0.575365558889729,1.002618997924826,329.6997101691306
560,0.6399070243749666,0.2058721889104362,-0.4340348354645304,0.1812742778926509,0.7656190373067985,0.6358920191379264,1.002173841944759,349.8898254664013
561,0.912567121088029,0.1623083684019156,-0.7502587526861133,0.06040703264598633,0.9196912747900319,0.1846432222555341,1.035338324786503,65.42078737504755
562,0.6448465511109405,0.1965480226477579,-0.4482985284631826,0.1726049693342041,0.774744146936909,0.5991368231371154,1.002450930550538,337.0394268535919
563,0.6464127538587832,0.1899748023534641,-0.456437951505319,0.1668996907148535,0.7806238074212682,0.575365558889729,1.002618997924826,329.6997101691306
564,0.5662040598416673,0.5406094564961546,-0.02559460334551278,0.4675528466785128,0.4712262827495346,2.521969450765331,1.001953471398835,360.8396816467574
565,0.6448465511109405,0.1965480226477579,-0.4482985284631826,0.1726049693342041,0.774744146936909,0.5991368231371154,1.002450930550538,337.0394268535919
566,0.6399070243749666,0.2058721889104362,-0.4340348354645304,0.1812742778926509,0.7656190373067985,0.6358920191379264,1.002173841944759,349.8898254664013