alpha,beta_neg,weight_neg,beta_plus,weight_plus,LRT,p,nbranches,bl
0,0,1,0,0,0,1,0,0
0.6818511648649023,0.677917697497247,0.5193488685776949,1.253500131859301,0.4806511314223051,0.5174600158757698,0.4246563484437041,0,0.1349800955868162
2.779301601360906,1.400182654248641,0.2267856500492741,0.0002253043408820661,0.7732143499507259,0,0.6666666666666666,0,0.1460291172711193
0.2842101449036148,0.2778761054518113,0.6132452963424458,1.008927571306934,0.3867547036575542,0.8309568324266365,0.3506077599310027,0,0.0746685860108547
0.7282691638272273,0.5494292413166528,0.3603336284411093,0,0.6396663715588906,0,0.6666666666666666,0,0.05124101708802367
0.6156214608183752,0.2486041808196444,0.2243296221524848,0,0.7756703778475151,0,0.6666666666666666,0,0.03069376613583393
0.5920103404440902,0.5506187562013187,0.6506550962023278,0.001045862047963667,0.3493449037976722,0,0.6666666666666666,0,0.06401463074172425
0,0,0.6538425364705336,0.6615064396514759,0.3461574635294664,2.046432883792804,0.1775625392313814,0,0.02590035537525833
0.5934061459972171,0.5934061459972171,0.5499651317824759,1.372442519203818,0.4500348682175241,0.5654397455029709,0.4119910218373421,0,0.1302808152959457
0.7245982720083901,0.7135296247171292,0.2532676009898087,0.8195367916996908,0.7467323990101913,0.02429431530737247,0.6250811649416701,0,0.1183628701167342
1.085870393286253,1.049806818884754,0.7061317098362212,0.06065006229875915,0.2938682901637788,0,0.6666666666666666,0,0.1288770828032436
2.799935840280285,1.127880429707849,0.2943594518195266,0.2626806721208329,0.7056405481804735,0,0.6666666666666666,0,0.1694281431928501
1.346704609562966,1.128352952961091,0.6741194818830666,8.994981151029732e-12,0.3258805181169334,0,0.6666666666666666,0,0.1393810331100817
0.6163261545045736,0.6163261545045736,0.5784188906900459,1.03145826625331,0.4215811093099541,0.2005487261607755,0.5279661942351377,0,0.1139212737066472
2.56835133651937,1.493273958256927,0.4890249554039063,0.2402849557398845,0.5109750445960937,0,0.6666666666666666,0,0.1982217899286902
2.166129846195192,1.364114080588249,0.5551196772389264,0.1758091069514033,0.4448803227610736,0,0.6666666666666666,0,0.1803021362428885
0.3903576306168807,0.2918102218624967,0.5807708187162169,0.001408038798479156,0.4192291812837831,0,0.6666666666666666,0,0.03469862182058916
0.974912563948897,0.7160629293633531,0.6283314791938216,0.02495125233563616,0.3716685208061784,0,0.6666666666666666,0,0.09055741418160231
1.094883874428742,1.094883874428742,0.3972900726490176,3.739032417782458,0.6027099273509824,5.622708399614453,0.0273640590933919,0,0.3474685395320309
1.040538978799723,0.4584698764137643,0.4576508431938228,0.001184076112126448,0.5423491568061771,0,0.6666666666666666,0,0.06502251809905354
0.8352613056902407,0.8257791861027095,0.5361040908838506,0.3983865993038828,0.4638959091161494,0,0.6666666666666666,0,0.1040635854087356
1.07468217056247,0.44550754338808,0.6730440717094335,0.4548334264319892,0.3269559282905665,0,0.6666666666666666,0,0.0933057641804043
0.3931341770242142,0.3659580302754942,0.3600181540319957,0.3324120815017938,0.6399818459680043,0,0.6666666666666666,0,0.05453757408706263
1.404794311732615,0.8729753025463171,0.5036535644620075,0.01052237575580474,0.4963464355379925,0,0.6666666666666666,0,0.1059684110272544
0.1981318050672862,0.1960481842298271,0.6704178196478684,0.8497701353969378,0.3295821803521316,0.5882586298114916,0.4061606975830848,0,0.05439312619417482
1.214699469314715,1.205823611704453,0.1526287034280996,1.124276711450614,0.8473712965719005,0,0.6666666666666666,0,0.1766900278151337
0.695706009999879,0,1,7.186581143400433e-06,0,0,0.6666666666666666,0,0.02755802364193463
1.471141851073715,0.6613341251360313,0.09505961975951888,0.0003354418805838685,0.9049403802404812,0,0.6666666666666666,0,0.06541935030518056
0.9322273091903228,0.2831157962695565,0.4486860079691394,0,0.5513139920308606,0,0.6666666666666666,0,0.05129528230596127
0.590487909812522,0,0.9999999999973982,0.0002236568091829523,2.601807658209054e-12,0,0.6666666666666666,0,0.02339016703175084
0.8305896758284507,0.5639137186486008,0.4612636169865796,0,0.5387363830134204,0,0.6666666666666666,0,0.06232214160676032
1.245554063466945,0,0.6726408252821796,0,0.3273591747178204,0,0.6666666666666666,0,0.04933838120549756
2.781861377293585,0,0.6773864006641878,0,0.3226135993358122,0,0.6666666666666666,0,0.1101939619639836
0,0,0.5847928641653202,0.1473346335250106,0.4152071358346798,0.5008933504945503,0.4291651192678979,0,0.006919386704602918
0.416063449747528,0.3028558083360327,0.3624155778903748,0.001507926675182347,0.6375844221096252,0,0.6666666666666666,0,0.0290045109843534
1.207209637086669,0,0.9999999999946391,0.0001000100010001,5.360933919007493e-12,0,0.6666666666666666,0,0.04781949737592694
0.4170835238042468,0.3698314821570413,0.5687791923928336,0,0.4312208076071664,0,0.6666666666666666,0,0.04031414140251494
1.579360614192204,0,0.656595157749513,0,0.343404842250487,0,0.6666666666666666,0,0.06256099059005789
1.255988785186536,0,0.9999999999945414,0.0001764243220510773,5.458633545174507e-12,0,0.6666666666666666,0,0.0497517171602145
2.572558680689369,1.369273911037195,0.0463939191071396,0.0002042989754595184,0.9536060808928604,0,0.6666666666666666,0,0.1091105580431044
1.154682524780668,0.915849095985355,0.607476362799946,0.5743768490972779,0.392523637200054,0,0.6666666666666666,0,0.1341690799697966
0.5872786183710165,0,0.7014859147747887,0,0.2985140852252113,0,0.6666666666666666,0,0.02326304188384684
0.3890474826449864,0.3686135875456825,0.7118191827312563,0.08562704704718464,0.2881808172687437,0,0.6666666666666666,0,0.04788017846489865
0.2781716790910728,0,0.7225638628343962,0,0.2774361371656038,0,0.6666666666666666,0,0.01101882346669648
0.8551345627768587,0.2110985826514581,0.326436703192853,0.00173702201969605,0.673563296807147,0,0.6666666666666666,0,0.04179997184625203
2.071951796503865,1.111319246211909,0.3540358757650924,0.08040294478072292,0.6459641242349076,0,0.6666666666666666,0,0.1324503760247851
0,0,0.5608615637969618,1.279856901038018,0.4391384362030382,4.615343585290276,0.04598677188600608,0,0.06357125896781773
0.7925834156283459,0.3743130359893852,0.3952500168499036,0,0.6047499831500964,0,0.6666666666666666,0,0.04812968592448851
1.007673674377358,1.007673674377358,0.5210091482742011,1.570455075387955,0.4789908517257989,0.2540381491593848,0.5072033010509446,0,0.1843832523005219
0.7250007686233852,0.4575068535799174,0.5747150167183309,0.002279397497592079,0.4252849832816691,0,0.6666666666666666,0,0.05856857142717897
0.9785538502824107,0,0.6572815331478347,0,0.3427184668521653,0,0.6666666666666666,0,0.03876207730474187
1.790891520880882,0,0.6763901554229665,0,0.3236098445770335,0,0.6666666666666666,0,0.0709400668719022
0.9258892695389556,0,0.6751493741558715,0,0.3248506258441285,0,0.6666666666666666,0,0.03667594934212582
0.8605153032554179,0.09345361528776097,0.5794642456565909,0.004083486126465368,0.4205357543434091,0,0.6666666666666666,0,0.04040582534311229
1.077510291930976,0,0.6661651485629848,0,0.3338348514370152,0,0.6666666666666666,0,0.04268189964244642
0.9260361824576229,0.2623527197015464,0.2408696843809061,0,0.7591303156190938,0,0.6666666666666666,0,0.04382945801438785
2.539296014959125,0,0.6895333449160432,0,0.3104666550839568,0,0.6666666666666666,0,0.1005855614415724
0.9997057532387501,0.292630992999608,0.433829445519556,0,0.5661705544804441,0,0.6666666666666666,0,0.05395937095120925
0.7700489035714302,0,0.6795295717041538,0,0.3204704282958462,0,0.6666666666666666,0,0.03050286411938715
0.9097612493510721,0,0.7002515756816381,0,0.2997484243183619,0,0.6666666666666666,0,0.03603709276298648
0.6418928069716521,0.6418928069716521,1.000052944863666e-08,1.708251834260533,0.9999999899994706,3.479932341904032,0.08299484121599709,0,0.2186454012353098
1.409853491533436,0.5545648135271025,0.4312862020287965,9.887602787736988e-13,0.5687137979712036,0,0.6666666666666666,0,0.0828995675932791
0.4218136703366777,0.4218136703366777,0.7112660096297693,1.306274020150114,0.2887339903702307,0.5107674592832439,0.426469083986703,0,0.09330484365149827
0.6752243345771628,0.6752243345771628,0.4909116788617285,0.9919775393264192,0.5090883211382715,0.1586155526940161,0.5458406824122405,0,0.1213602640979373
0.6152955773283859,0.5772996273110912,0.51246252307114,0.4205594540633926,0.48753747692886,0,0.6666666666666666,0,0.08102730659785566
0.7288667497362674,0.7288667497362674,0.4657677299614871,1.203284269060808,0.5342322700385129,0.3251360701344765,0.4822125467183289,0,0.1399805428683077
0.477548535671163,0.2641155393551773,0.3928353656655287,0.0006460199494070486,0.6071646343344713,0,0.6666666666666666,0,0.03069634829272826
1.779417078665238,0,0.6601920563989855,0,0.3398079436010145,0,0.6666666666666666,0,0.07048554593157445
0,0,1.000109612551841e-08,1.364285262213149,0.9999999899989038,12.35039694911603,0.0008950785713324194,0,0.15431321874729
2.352432702038371,2.352432702038371,0.1797563713157315,0,0.8202436286842685,0,0.6666666666666666,0,0.1410135050481549
0.9270356437857936,0.4999342990803788,0.1039917832579555,0.01998183597003968,0.8960082167420446,0,0.6666666666666666,0,0.04462689483438535
2.54346540155613,1.33653722434438,0.1800919007650488,0.005292979595033226,0.8199080992349512,0,0.6666666666666666,0,0.1284669161236857
1.418457780775815,1.305714411401978,0.7072082017130061,0.4899363930575171,0.2927917982869939,0,0.6666666666666666,0,0.1768592054037429
1.003154694602183,0.7711257712303885,0.6474307462965549,0.1690214343342472,0.3525692537034451,0,0.6666666666666666,0,0.1029467631470636
0.6159910590736395,0.6151286715909364,0.2031989178331419,0.5365884236070244,0.7968010821668581,0,0.6666666666666666,0,0.08689861995712103
0.6448910068454937,0,0.9999999999952066,2.50006250156254e-05,4.793387908819113e-12,0,0.6666666666666666,0,0.02554516039486599
2.66042485723032,0,0.6791500059876936,0,0.3208499940123064,0,0.6666666666666666,0,0.1053836678989682
1.158273539777272,0.8245843227439319,0.6370975853650069,0.1722832481104454,0.3629024146349931,0,0.6666666666666666,0,0.1123737413582224
2.583059307249374,1.315463317220108,0.02906086241117671,0.01784316761008842,0.9709391375888233,0,0.6666666666666666,0,0.1086026653098444
0.7910707446709391,0.2686687189322238,0.2237395211173983,0,0.7762604788826017,0,0.6666666666666666,0,0.03813477179226071
0.2780902577559828,0.2141446994987131,0.5895085309841642,0,0.4104914690158358,0,0.6666666666666666,0,0.02529451856391687
1.209311519039409,0.3109246704851146,0.4062993223566282,0.001552501052331323,0.5937006776433718,0,0.6666666666666666,0,0.06229592555911456
0.4729470991643238,0.3419180379184666,0.4484018794996866,0.00564403623829523,0.5515981205003134,0,0.6666666666666666,0,0.03642785318737739
0.2147963097372253,0,0.7297492797831369,0,0.2702507202168631,0,0.6666666666666666,0,0.00850842409991512
1.388622916828445,0.8111176941581145,0.2054860030724461,0,0.7945139969275539,0,0.6666666666666666,0,0.0738578545167462
0.4173598430564516,0,0.7295272824493519,0,0.2704727175506481,0,0.6666666666666666,0,0.01653228843336543
1.016391904326475,0,0.7139525992351744,0,0.2860474007648256,0,0.6666666666666666,0,0.04026090291918685
1.675097983130699,0,0.6641668069077102,0,0.3358331930922898,0,0.6666666666666666,0,0.06635330032822476
1.381775602738461,0,0.6489898036682681,0,0.3510101963317319,0,0.6666666666666666,0,0.05473433344081878
1.232340427175627,0,0.9999999999964397,2.500058342216458e-05,3.560263195367952e-12,0,0.6666666666666666,0,0.04881496801648099
1.533927474667017,0.5970606461817599,0.5608073486122402,0.5345597362321537,0.4391926513877598,0,0.6666666666666666,0,0.1251895251686452
0.4298888810842381,0,0.697119909247245,0,0.302880090752755,0,0.6666666666666666,0,0.01702858359427759
0.8618519002102003,0,0.6573307473280398,0,0.3426692526719602,0,0.6666666666666666,0,0.03413932710146222
0.9760798749610285,0.6978274145351967,0.6556717541272398,0.391062801429073,0.3443282458727602,0,0.6666666666666666,0,0.1056473152402459
0.594961420837504,0.5459260566326638,0.4179565488295373,0.2754498078725801,0.5820434511704626,0,0.6666666666666666,0,0.06750997083406504
0.9771380145267562,0.434173874027372,0.5866382920067467,0.001306859570654865,0.4133617079932533,0,0.6666666666666666,0,0.06757635191539089
2.126540092772655,1.122649200056569,0.2430818887274168,0.01142798071778924,0.7569181112725831,0,0.6666666666666666,0,0.1160810555089856
0.3408825915442241,0.3220898425505666,0.5537215738312472,0,0.4462784261687528,0,0.6666666666666666,0,0.03367571367733772
0.9417761996095364,0.5291004623255771,0.3982669963857067,0.3064643762219434,0.6017330036142934,0,0.6666666666666666,0,0.08199843304479132
0,0,1,0,0,0,1,0,0
0.9849202017562537,0.5480246756550958,0.1533620636636431,0.01727969467082226,0.8466379363363569,0,0.6666666666666666,0,0.05017540439234695
0.7690475103799613,0,0.9999999999980344,0.0004001600640256103,1.96564986509884e-12,0,0.6666666666666666,0,0.03046319733938428
0.4296156551300956,0.1433695632998243,0.5462276730761075,2.747314361995079e-05,0.4537723269238925,0,0.6666666666666666,0,0.0258770265984964
0.7696363822388006,0.7591849519713276,0.529637937018319,0.3108361905332435,0.470362062981681,0,0.6666666666666666,0,0.09250415351274259
0.3903077014995058,0,0.7022354064526423,0,0.2977645935473577,0,0.6666666666666666,0,0.01546070999955058
1.970267695217712,0,0.6870809852466795,0,0.3129190147533205,0,0.6666666666666666,0,0.07804544296772592
1.183809888345527,0.694237871257145,0.5282221890144284,0,0.4717778109855716,0,0.6666666666666666,0,0.08837108134000193
0.3849992963731523,0.3827743513169514,0.456985418903155,0.8394131754558433,0.543014581096845,0.4597149996464793,0.4406976645572197,0,0.08659247030929343
0.9900961206099755,0.6046224833377966,0.2690536294157161,0.005663593790942768,0.7309463705842839,0,0.6666666666666666,0,0.05808767122162163
0.1963650239041452,0.1963650239041452,1.000133527878089e-08,1.133895637010076,0.9999999899986647,4.838008812447725,0.0409887767190803,0,0.1360323635691463
0.1965252530777323,0,0.9999999999995586,0.0004001600640256103,4.414246745909622e-13,0,0.6666666666666666,0,0.007784678431273431
0.9791543588013286,0.7776016644479605,0.6689777662600392,0.2736946667111573,0.3310222337399608,0,0.6666666666666666,0,0.1078726546434724
0.4296936366322509,0,0.6971501035720112,0,0.3028498964279888,0,0.6666666666666666,0,0.01702084965041847
0.3934273386650809,0.13988019444637,0.5609196042407303,0,0.4390803957592697,0,0.6666666666666666,0,0.02445900652166115
0.9214760479044551,0.4944639405902711,0.105126502941022,0.020033039112809,0.894873497058978,0,0.6666666666666666,0,0.0444084068558382
0.2142251966724732,0.1683802099852146,0.4681933931924799,0,0.5318066068075201,0,0.6666666666666666,0,0.01740270916903112
0.8582644597701201,0.4321995293965407,0.2307782074615092,0,0.7692217925384908,0,0.6666666666666666,0,0.04527898742897044
0.7855848202356565,0.4142667693454861,0.1328957125180146,0.006621638858971488,0.8671042874819854,0,0.6666666666666666,0,0.03799484567337193
1.277160542787274,0.7593391020496973,0.3689377577275453,0.0003004029459819077,0.6310622422724547,0,0.6666666666666666,0,0.08229922191035541
0.4285094842658603,0.3286087976415412,0.4560133867875261,0,0.543986613212474,0,0.6666666666666666,0,0.03392335895030671
0.2151414790886944,0.2151414790886944,0.6796914799462992,0.2776116969854731,0.3203085200537008,0.006141942318606652,0.6468023620803537,0,0.03511986440632897
1.690752105327262,1.004701361975581,0.4712320889092477,0.0562758655423808,0.5287679110907524,0,0.6666666666666666,0,0.1238904335329375
0.702092892796404,0,0.6936056869159024,0,0.3063943130840976,0,0.6666666666666666,0,0.02781101824680359
1.231045075540353,0,0.9999999999978767,0.0004001600640256103,2.123301534595612e-12,0,0.6666666666666666,0,0.04876365707410536
1.242074855844698,0.6986451558747557,0.1400910916102673,0.0006785976205196873,0.8599089083897327,0,0.6666666666666666,0,0.06033701311620019
0.5569441419795197,0,0.7051067033366871,0,0.2948932966633129,0,0.6666666666666666,0,0.02206144493693719
0.4182283252412616,0.1863469515518839,0.6808700774580178,0.0005945243336893903,0.3191299225419822,0,0.6666666666666666,0,0.03093922743562126
0.3099240497260417,0.3099240497260417,0.6732499583005933,1.226591188407108,0.3267500416994067,0.8824853154029313,0.3401099826970152,0,0.08121043295002998
0.5603616173020385,0,0.9999999999998511,0.0004001600640256103,1.488809076022335e-13,0,0.6666666666666666,0,0.02219681658010256
1.259164731456833,0.5224066132329814,0.3723095762758604,0,0.6276904237241396,0,0.6666666666666666,0,0.07187692062177459
3.55668511277237,0,0.7102170271670263,0,0.2897829728329737,0,0.6666666666666666,0,0.1408859647837671
0.4205442552289547,0,0.7010951690240368,0,0.2989048309759632,0,0.6666666666666666,0,0.01665842807377978
0.8244257929032829,0.1222831302932273,0.5163077930861107,4.236267159159769e-13,0.4836922069138893,0,0.6666666666666666,0,0.03979805188408932
1.269385801821274,0.3128344937845711,0.4030772506332627,0.001855461963703213,0.5969227493667373,0,0.6666666666666666,0,0.06467034151781559
1.949913440906391,1.024247083118847,0.05212499169451017,0.001187846022664288,0.9478750083054899,0,0.6666666666666666,0,0.0834053041942313
0.4296557099728782,0,0.700184265157149,0,0.299815734842851,0,0.6666666666666666,0,0.01701934731500574
0.3841020433282908,0.3841020433282908,0.6169402081795828,1.745426509511401,0.3830597918204172,1.654131509342562,0.2198738309711355,0,0.1176432763261506
1.071403353999556,1.022014016975624,0.3694837334443832,0.6485583795806128,0.6305162665556168,0,0.6666666666666666,0,0.1314053784062358
0.3903559467981519,0,0.7009915758847655,0,0.2990084241152345,0,0.6666666666666666,0,0.01546262107270733
1.168935937673274,1.168935937673274,0.3533519293998524,1.221197122616586,0.6466480706001476,0.004507781225015606,0.6497822429553791,0,0.1823433084875522
0.1965294318355419,0,0.9992360679465971,0,0.0007639320534028604,0,0.6666666666666666,0,0.007784843958528948
0.4296254259321713,0.3607472089535741,0.4632300453594446,0.0005942421364269591,0.5367699546405553,0,0.6666666666666666,0,0.03595578619912865
0,0,1,0,0,0,1,0,0
0.9309370184113839,0.9309370184113839,0.545107293049292,1.496605530272116,0.454892706950708,0.2884118868093424,0.4947988053311376,0,0.171278532579988
0.4159604469764374,0.07908009888345088,0.6057572053934775,0,0.3942427946065225,0,0.6666666666666666,0,0.02189516475623716
0.9828366572295422,0.519111583778166,0.08460601994076497,0.01857212726938336,0.915393980059235,0,0.6666666666666666,0,0.04582242688781193
1.363656105774379,1.363656105774379,0.1822428327707037,0,0.8177571672292963,0,0.6666666666666666,0,0.08212610067623759
0.6541523676736226,0,1.520819928598903e-06,0,0.9999984791800715,0,0.6666666666666666,0,0.02591201765495797
1.831651077445295,1.831651077445295,0.2129756776499217,0,0.7870243223500784,0,0.6666666666666666,0,0.1166781937220833
1.751969749547652,0,0.9999999999963527,0.0004001600640256103,3.647304680498564e-12,0,0.6666666666666666,0,0.06939831348876353
0.1849273976206774,0.1849273976206774,0.9973385188902198,102.6549154108155,0.002661481109780151,7.9608139702583,0.008282640616075532,0,0.05908962097776321
1.61935320831144,0.8269086758917674,0.05550627667941112,0.0001038797320466941,0.9444937233205889,0,0.6666666666666666,0,0.06934781511845148
0.8054217902556129,0.6127478831841711,0.62163367004181,0.04384586336530785,0.37836632995819,0,0.6666666666666666,0,0.0768643286549284
0.4612653701461663,0,0.6898968006553352,9.208724418658784,0.3101031993446648,15.63488430057646,0.0001706856952723435,0,0.3412723099549957
0.5902241397985256,0,0.6833758234436604,0,0.3166241765563396,0,0.6666666666666666,0,0.02337971868118706
0,0,0.5488607546171304,2.038401252653101,0.4511392453828696,5.228414244929411,0.03351570375084623,0,0.1040155412036074
0.82466899069778,0.1019950835589735,0.4363659108853143,0.008109042553111045,0.5636340891146856,0,0.6666666666666666,0,0.03821759356747489
0.96175570248084,0.96175570248084,0.2705520941214182,1.668456597939578,0.7294479058785818,1.011540157452373,0.3154752803533717,0,0.2051880611263128
2.014467541887436,1.087294889289392,0.07267150092739894,0.001488565339338797,0.9273284990726011,0,0.6666666666666666,0,0.08888976756649224
0.8248712865932515,0.8248712865932515,0.2248041467149739,1.451469689543706,0.7751958532850262,0.8116092101893742,0.3546549447488181,0,0.1809162679589751
1.256781883520397,1.256781883520397,0.727077854954757,1.716293210023104,0.272922145045243,0.04944346710226455,0.6049235183146382,0,0.2061218494243983
0.644973170939921,0,0.6710386462185465,0,0.3289613537814535,0,0.6666666666666666,0,0.02554841504557214
0.5903094869478309,0,0.6904263483259637,0,0.3095736516740363,0,0.6666666666666666,0,0.02338309941776907
1.292826817448043,0,0.66505952082995,0,0.33494047917005,0,0.6666666666666666,0,0.05121093031834878
0.4296999286353408,0,0.6927147343504823,0,0.3072852656495177,0,0.6666666666666666,0,0.01702109888668697
1.499632604531269,0.583334771194516,0.5067742612842646,0,0.4932257387157354,0,0.6666666666666666,0,0.09284007231669257
1.183582027762042,0,0.9999999999957291,0.0004001600640256103,4.270916953430515e-12,0,0.6666666666666666,0,0.04688357012071948
1.727987578042742,0,0.9999999999924258,1.916444592714402e-05,7.574163518597743e-12,0,0.6666666666666666,0,0.06844834146061145
0,0,1,0,0,0,1,0,0
1.440129449952582,0,0.7147878704180515,0,0.2852121295819485,0,0.6666666666666666,0,0.05704582231400658
0.5944896253804018,0.5944896253804018,0.2116890940351754,0,0.7883109059648246,0,0.6666666666666666,0,0.03778313201159115
2.781323478167026,0.6636631086670479,0.3179740246812436,0.5096971361865218,0.6820259753187563,0,0.6666666666666666,0,0.1733616000334556
0.7423672098517733,0.7423672098517733,0.01358419289197351,2.5252297904294,0.9864158071080265,8.07390625514239,0.007819312327698058,0,0.3122937166538389
0.9791785680475924,0.9437147756685669,0.4132618133245778,0.7625671510237219,0.5867381866754222,0,0.6666666666666666,0,0.1335076998686719
0.1962046449861549,0.1783101469143907,0.6104153763529137,1.725541170322564,0.3895846236470863,2.4875192811636,0.1401351105174453,0,0.09612017126842448
0.9688628048873882,0.4626161783821559,0.497368522360683,0,0.502631477639317,0,0.6666666666666666,0,0.0644035783564446
2.217278101556364,0.9702152569962514,0.0796699994939563,0.001688383316949747,0.9203300005060437,0,0.6666666666666666,0,0.09674868344690513
0.27786155429191,0.2707925862686838,0.5669285557699385,0.130866209209903,0.4330714442300615,0,0.6666666666666666,0,0.03478146793676172
1.09435390557606,0.5215578728625441,0.1448679092557872,0.04153190360847732,0.8551320907442128,0,0.6666666666666666,0,0.05591239719899065
1.69504293402274,0.979015226990708,0.2491814186950692,0,0.7508185813049308,0,0.6666666666666666,0,0.09473661379811983
2.982275639506686,1.581227567017955,0.1064524857161736,0,0.8935475142838264,0,0.6666666666666666,0,0.1371718654687692
1.3805872737144,0.5536774474750364,0.4390847517524659,0.0008385449934206067,0.5609152482475341,0,0.6666666666666666,0,0.08223859150231472
1.541488283631478,0.8359111033073037,0.4546794585660934,0.0008427720193445859,0.5453205414339066,0,0.6666666666666666,0,0.1041023871559187
0.04900908568919238,0.04894047296922752,0.7398392685236289,0.1749575729752237,0.2601607314763711,0.0005266948713611441,0.6610772054217042,0,0.01118519735866856
0.4184651981955553,0.1060879271408195,0.6631023722240672,0,0.3368976277759328,0,0.6666666666666666,0,0.02453298416075578
0.1965256048883768,0,0.6462817091171571,0,0.3537182908828429,0,0.6666666666666666,0,0.007784692367053614
0.4259398542861031,0.3926910740686673,0.9999999999953507,0.5378239837867199,4.649280960222768e-12,-0.0001179476766139942,0.6666666666666666,0,0.06128913122878587
1.326297578083556,0.5419032248742147,0.4763716112096302,0.001819517632579527,0.5236283887903699,0,0.6666666666666666,0,0.0818433624617068
0.3928761003181242,0.00308662595126996,0.8669855193521809,8.006213145985528,0.1330144806478191,2.504118690327346,0.138900340898875,0,0.1363199095844675
0.6433628603079969,0.4257484199299238,0.5495949605596004,0.003440393746353159,0.4504050394403996,0,0.6666666666666666,0,0.05212622940518695
0.3918343710357553,0.3074648793020882,0.477812099923163,0.002090815350607962,0.522187900076837,0,0.6666666666666666,0,0.03226159918276422
0.5849680132891668,0,0.6854684997275983,0,0.3145315002724017,0,0.6666666666666666,0,0.02317151513467764
0.6774020561252662,0,0.7185521627424323,0,0.2814478372575677,0,0.6666666666666666,0,0.02683297486218136
0.9850237804947797,0,0.9999999999998952,0.0004001600640256103,1.048050535246148e-13,0,0.6666666666666666,0,0.03901836155008592
0.7248247779278196,0.3144960908324448,0.419081066614809,0,0.580918933385191,0,0.6666666666666666,0,0.04361918484355157
0,0,1,0,0,0,1,0,0
1.179745795415301,0,0.6765719467017156,0,0.3234280532982844,0,0.6666666666666666,0,0.04673161084454841
2.16219988366827,1.189826745445217,0.154205382640363,0,0.845794617359637,0,0.6666666666666666,0,0.106401198128656
0.7890572010745617,0.7064620391391385,0.6463616968631848,0.07882307046170818,0.3536383031368152,0,0.6666666666666666,0,0.08605777212892819
0.9846943401974586,0.1219719486764901,0.4911924978392094,0.001023496033826279,0.5088075021607906,0,0.6666666666666666,0,0.04584078032493133
1.979922124576431,0,0.6981934309030091,0,0.3018065690969909,0,0.6666666666666666,0,0.07842787029865704
1.616832419183097,0.8828050227569586,0.8278749769513395,0.7946560578560833,0.1721250230486605,0,0.6666666666666666,0,0.1621825165390785
2.28667301993889,0,0.6975654936325199,0,0.3024345063674801,0,0.6666666666666666,0,0.09057876206195341
0.5950929212457308,0.5901156815072708,0.595428103269716,0.8355223905664969,0.404571896730284,0.05903424317699546,0.5984105694062543,0,0.101550102611493
0.3019832185722332,0.2930903412906311,0.400478375065539,0.5327146047129454,0.599521624934461,0.2357324439530544,0.5140904655575528,0,0.06136251185083878
0.7826440011770406,0.3669269817855315,0.3714931873610979,0.0195761579446603,0.6285068126389021,0,0.6666666666666666,0,0.04781145770093687
0.5860529274268121,0,0.6953026117976761,0,0.3046973882023239,0,0.6666666666666666,0,0.0232144903124466
0.7110369301129783,5.914792059151092e-14,0.952940926032771,39.21037130077593,0.04705907396722897,6.869447896738563,0.01444969810260999,0,0.2368748350463608
1.779107146944233,1.779107146944233,0.3264624239648929,0,0.673537576035107,0,0.6666666666666666,0,0.1361684104836283
1.430486030157808,1.430486030157808,0.6364076469553601,2.719042610298592,0.3635923530446399,0.6818466565337076,0.3834270581352067,0,0.2714576837846868
0.214726321974571,0.214726321974571,0.6638968801151195,0.276451688655567,0.3361031198848805,0.006470977711288128,0.6462478626135562,0,0.03513974870883375
1.232585725381823,0.4852546397996039,0.400115567155588,0.2377430434155076,0.599884432844412,0,0.6666666666666666,0,0.08691718238762206
0.9157188000809682,0.8890877820985797,0.5521696963414058,0.2454813248634836,0.4478303036585942,0,0.6666666666666666,0,0.1042360250918122
0.2799781400105371,0.2799781400105371,0.6587642836267228,1.311647740833464,0.3412357163732772,1.311133321524778,0.2660110619522267,0,0.08257773361276891
0.423026258311487,0.423026258311487,0.5745301052970054,1.596259020506775,0.4254698947029946,1.610113067780759,0.2252657449779199,0,0.1210662194577689
0.761781297633615,0,0.9999999999984092,0.0004001600640256103,1.590838571985387e-12,0,0.6666666666666666,0,0.03017537107401797
0.3331543600143204,0.3331543600143204,0.4643220250478015,0.5387814511443556,0.5356779749521985,0.1436887369746671,0.5526400971245976,0,0.06333856756003491
0.4269152652037973,0.4269152652037973,0.47413302097518,0.6428045702119342,0.52586697902482,0.1288011238169986,0.5597009250080587,0,0.0780400210797647
0.696644353263792,0.4373242912000196,0.2686825417723453,0.01214448133765461,0.7313174582276547,0,0.6666666666666666,0,0.04189025914243226
1.399517843786345,0.4592517657690332,0.04305791582270586,0.04307376876965241,0.9569420841772941,0,0.6666666666666666,0,0.06233606105902196
0.9243201398549569,0.4886054745508393,0.120715098153559,0.02363572130427593,0.879284901846441,0,0.6666666666666666,0,0.04563590299188647
0.4201779407760049,0,0.7074307889453372,0,0.2925692110546628,0,0.6666666666666666,0,0.01664391777458778
0.389214700673257,0.3882641108675333,0.5666062108209429,0.5522295513181621,0.4333937891790571,0.04504373687581165,0.608078034846497,0,0.06737138051263382
1.327008644144958,0.7839951451696201,0.2508396836294765,0.001316007380128893,0.7491603163705236,0,0.6666666666666666,0,0.07492016878328353
1.578652263669863,0.8954922338455256,0.2536551449519269,0.004211237292688458,0.7463448550480731,0,0.6666666666666666,0,0.08858076523307629
0.1949574411982316,0,0.8677095982404277,0,0.1322904017595723,0,0.6666666666666666,0,0.007722574904467015
0.7803758277663272,0.1773140833274008,0.4764530547909894,0.001307400330058775,0.5235469452090106,0,0.6666666666666666,0,0.04054502495937333
0.7645495768939805,0.5397238568169153,0.6386392775027198,0.1995299325368746,0.3613607224972802,0,0.6666666666666666,0,0.0774279405670928
1.385482249410622,0.696642921176831,0.06199469631437288,0.01870147195552824,0.9380053036856271,0,0.6666666666666666,0,0.06175030944172609
1.166370662654736,1.102846362948548,0.6679457024115213,0.5083716838363452,0.3320542975884787,0,0.6666666666666666,0,0.1486163587642069
1.403323361015192,0.8077963944756766,0.172634128141651,0.001101868732542563,0.827365871858349,0,0.6666666666666666,0,0.07146443377291384
1.291960727325673,0.4233242709181812,0.1880464690043211,0.1776859187484527,0.8119535309956789,0,0.6666666666666666,0,0.07649921126984854
1.568024726333465,0.8285932349821636,0.4230179406361266,0.0001144471288881478,0.5769820593638735,0,0.6666666666666666,0,0.101765312031811
1.468584745258459,0.8535044276477572,0.224319836578368,8.080539454889195e-05,0.7756801634216319,0,0.6666666666666666,0,0.07983573053492053
1.861374862570092,1.297717735302196,0.6123993514644094,0.222505642897917,0.3876006485355906,0,0.6666666666666666,0,0.1733772552957654
0.3296352580371075,0,0.9670165615430252,42.6335596655248,0.03298343845697482,5.05360806889945,0.03667421970767426,0,0.1721116981431483
0.8399028364539806,0.8164819918773717,0.6887880599983786,3.873408798108938,0.3112119400016214,3.023666102635161,0.1054693152558963,0,0.2332281994416735
2.612869414394964,0.4676243688189806,0.02284166851421742,0.1642338455692236,0.9771583314857826,0,0.6666666666666666,0,0.1228601212529968
1.069132261819036,1.040612655207091,0.5158559756078174,1.282479014224018,0.4841440243921826,0.02871485424276443,0.6210716170268653,0,0.1732977806468914
0.6194377418736081,0.09003611732193022,0.5448770928850961,0,0.4551229071149039,0,0.6666666666666666,0,0.03008589723503509
1.996911533999634,1.996911533999634,1.002577385992404e-08,4.109051934524193,0.9999999899742261,5.500271635317858,0.02914108838124285,0,0.5438724397527054
2.08938375896994,2.08938375896994,0.3148439570001707,1.876976326947239,0.6851560429998294,0,0.6666666666666666,0,0.3026313189201254
1.183528104175801,0.6841917493183224,0.2062741832476201,0.005428128653665642,0.79372581675238,0,0.6666666666666666,0,0.06333198476208966
0.9927216328083396,0,0.9999999999960236,2.50006250156254e-05,3.976374784997461e-12,0,0.6666666666666666,0,0.03932328574651379
1.646449686113274,1.646449686113274,0.5393361729719723,1.110952109120219,0.4606638270280277,0,0.6666666666666666,0,0.2235448373560753
0,0,0.6111858178965633,0.9558279472173171,0.3888141821034367,1.92036238185662,0.1901136375031447,0,0.04203584373736889
0.19652244425751,0,0.9999999999928547,7.380302875123544e-06,7.145284364185045e-12,0,0.6666666666666666,0,0.007784567169428642
1.143303935709647,0.5710443767372797,0.08483176509397677,0.02353496665057699,0.9151682349060233,0,0.6666666666666666,0,0.05320360361125669
0.4284467220626388,0.3991612143122752,0.7119501685603745,0.1036612695779884,0.2880498314396255,0,0.6666666666666666,0,0.05249255520294205
0,0,1,0,0,0,1,0,0
0.1389325521012039,0,0.9999999999999801,0.0004001600640256103,1.98729921407903e-14,0,0.6666666666666666,0,0.005503339773419466
0.4813896388974648,0.3491639127392919,0.4455791276122507,0,0.5544208723877493,0,0.6666666666666666,0,0.0366661578142334
1.532501398291898,0,0.6732427741401089,0,0.3267572258598911,0,0.6666666666666666,0,0.0607048223795469
0.3899702359464765,0.3505584750575472,0.6539098527814164,0.0004001600640256103,0.3460901472185836,0,0.6666666666666666,0,0.04139144179477151
2.491813850914436,1.38652495642012,0.1016092960325189,0,0.8983907039674811,0,0.6666666666666666,0,0.1146399745628414
0.8355792000322705,0.2245596197817534,0.2134312156137896,0.0002042989754595184,0.7865687843862105,0,0.6666666666666666,0,0.03853790131720358
0.5905645172587669,0,0.9999999999934305,1.916444592714402e-05,6.569522703614439e-12,0,0.6666666666666666,0,0.02339320157476809
0,0,0.6320606295352301,0.7057249578882111,0.3679393704647699,1.011924189867656,0.3154052735883395,0,0.02937038802531384
0.3078647165161435,0.3078647165161435,0.5253786911515207,0.4902761751964367,0.4746213088484793,0.09095700017425656,0.5792539309632847,0,0.05680992885258325
0.677572009319541,0.2282214430864801,0.5243872986168189,0,0.4756127013831811,0,0.6666666666666666,0,0.04037621228661958
1.451004440417884,0,1,1.916444592667076e-05,0,0,0.6666666666666666,0,0.05747659801529534
1.188950998282462,1.159900943736395,0.420530737500085,0.9820274320250171,0.5794692624999149,0,0.6666666666666666,0,0.1666332980694621
0.7853620107365821,0.3309432540989625,0.4009489275921873,0.008453461181032761,0.5990510724078127,0,0.6666666666666666,0,0.04669084411377131
0.5582170780615819,0.4362268114228548,0.5793390855930522,0,0.4206609144069478,0,0.6666666666666666,0,0.05069719274989224
1.076121522412646,0,0.6772136858608276,0,0.3227863141391724,0,0.6666666666666666,0,0.04262688826886461
1.726441005878249,0,0.6525494794661846,0,0.3474505205338154,0,0.6666666666666666,0,0.06838707927276125
0.5007960001421006,0,0.9999999999994081,0.0004001600640256103,5.91859894427671e-13,0,0.6666666666666666,0,0.01983732756844329
0.5432305622284728,0.1115451507292208,0.5900846429798255,0,0.4099153570201745,0,0.6666666666666666,0,0.02896319821849107
1.231953402442411,0,0.6645736586052404,0,0.3354263413947596,0,0.6666666666666666,0,0.04879963735008661
0.616318787907849,0,0.9999999999995285,0.0004001600640256103,4.71511718558304e-13,0,0.6666666666666666,0,0.02441336927380569
0.8573353763614544,0,0.999999999998669,0.0004001600640256103,1.3310463842231e-12,0,0.6666666666666666,0,0.03396042039487349
0.7687194597964231,0,0.9999999999956833,0.0004001600640256103,4.316658142045071e-12,0,0.6666666666666666,0,0.03045020273303213
0.787675144600155,0,0.6798757496653582,0,0.3201242503346418,0,0.6666666666666666,0,0.0312010676134006
1.18478519525442,0,0.6684119939088734,0,0.3315880060911266,0,0.6666666666666666,0,0.04693122950230254
0.3893681436997317,0.2078530279422247,0.5529781968914751,0,0.4470218031085249,0,0.6666666666666666,0,0.02842406011454478
0,0,0.5633321777317122,1.55078888520366,0.4366678222682878,2.591397093165625,0.1325927440130649,0,0.07659524624593476
0.9772723344874941,0.9229441470361912,0.6862003605312597,4.739496407139241,0.3137996394687403,4.242660574614831,0.05577919155953504,0,0.2785680766319485
0,0,0.4100514131394859,1.117864902191986,0.5899485868605141,5.515625113675071,0.02891200220711454,0,0.07459357687042359
1.274088677518197,0.6677136773131779,0.06745043684729983,0.0003240634004984124,0.9325495631527002,0,0.6666666666666666,0,0.05559702966920833
0.3916230270213371,0.3916230270213371,0.6188605282905829,0.7172712277668533,0.3811394717094171,0.1322361078595691,0.5580448860432476,0,0.0738477995051738
0.5906654271366515,0.1829112657756417,0.4998066653130578,0,0.5001933346869423,0,0.6666666666666666,0,0.03373767273879903
0.4145977851168697,0,0.7950655793367177,0,0.2049344206632823,0,0.6666666666666666,0,0.01642287891712539
0,0,0.5805521708605877,1.242584948302472,0.4194478291394123,2.039545904803333,0.1782247850519699,0,0.05895246735000789
0.1851896869741855,0.1851896869741855,0.7172606330570703,0.2529336989244599,0.2827393669429297,-7.098748965006507e-05,0.6666666666666666,0,0.03044879899093474
2.215295117442666,1.120698359757908,0.3100104874094612,0,0.6899895125905389,0,0.6666666666666666,0,0.1270487018804864
0.416789727652732,0,0.7178053527779921,0,0.2821946472220079,0,0.6666666666666666,0,0.01650970525376299
0.2134382216616584,0.1812323960638618,0.5525376795857259,0,0.4474623204142741,0,0.6666666666666666,0,0.01978112674344292
0.415109791215993,0.4106845565728893,0.51912524586757,0.1335289316976705,0.48087475413243,0,0.6666666666666666,0,0.04782049208248144
0.6966634928156222,0.6706202738572506,0.5868092619214849,0.4088076375062391,0.4131907380785151,0,0.6666666666666666,0,0.09121328611825949
0.9071007530645745,0.4734567495625605,0.2089423771023179,0.04157421836452971,0.791057622897682,0,0.6666666666666666,0,0.05084094503302906
0.9924702869135636,0.488026931760275,0.6846094567504394,0.5271471644680266,0.3153905432495606,0,0.6666666666666666,0,0.09590922589862809
0,0,0.5575578871100267,1.299841053428836,0.4424421128899733,5.155519889441848,0.03479788771420422,0,0.0650496035071685
0.9861336876167617,0,0.6627912801871673,0,0.3372087198128327,0,0.6666666666666666,0,0.03906232673978995
1.07498031182872,1.057844999394717,0.5114545238714417,0.50077420212719,0.4885454761285583,0,0.6666666666666666,0,0.1314505195091778
0.9211775185879911,0.6676177125479741,0.593402817722436,0.008397178432078959,0.406597182277564,0,0.6666666666666666,0,0.0816855418410634
0.5637780519406255,0.5637780519406255,0.7174649181947798,1.181790098943041,0.2825350818052202,0.1972521480722094,0.529314276364967,0,0.1058506414651973
0.3936681051905657,0,0.7033977393343478,0,0.2966022606656522,0,0.6666666666666666,0,0.01559382094445195
0.7125327826919194,0.2553632355355958,0.2686931657963715,0.00202995554030485,0.7313068342036285,0,0.6666666666666666,0,0.03615338706135525
1.389449312357503,0,0.671195557204414,0,0.328804442795586,0,0.6666666666666666,0,0.05503830130664605
0.1389325125649637,0,0.7395715582274841,0,0.2604284417725159,0,0.6666666666666666,0,0.005503338207325974
0.6451088680431291,0.2196420176889495,0.5096538614910499,0,0.4903461385089501,0,0.6666666666666666,0,0.03821539317178765
0.5572334279249417,0,0.9999999999804574,7.380319391361138e-06,1.954258976866186e-11,0,0.6666666666666666,0,0.02207290401420349
0.39341273894952,0,0.9992360679456141,0,0.0007639320543858519,0,0.6666666666666666,0,0.01558370548072597
1.809672819179714,1.020058592638722,0.1950998470703103,0,0.8049001529296897,0,0.6666666666666666,0,0.09419425723073098
0.7015758469143916,0.5427926759743594,0.6297489631217679,0.02165839537631851,0.3702510368782321,0,0.6666666666666666,0,0.06736090647447367
0.2147190622051946,0.2061090459581529,0.4543524246652023,0.3408994733360876,0.5456475753347978,0.06211507196699984,0.5964090297648246,0,0.04013715801894829
0.1962042886183463,0.1947272048102072,0.4069366715635096,0.3651264560817356,0.5930633284364903,0.158728804056949,0.5457900714569873,0,0.04122794241879336
0.5832875223712969,0.4655027643200928,0.4884671770214533,0.0051963961176797,0.5115328229785467,0,0.6666666666666666,0,0.04912469681046166
0.2814380290010033,0,0.9999999999988194,0.0004001600640256103,1.180611164386391e-12,0,0.6666666666666666,0,0.01114820879145561
1.015468990311408,0,0.6705151464346579,0,0.3294848535653421,0,0.6666666666666666,0,0.04022434482441526
0.7819272243810246,0,0.9999999999964037,0.0004001600640256103,3.59634544366827e-12,0,0.6666666666666666,0,0.03097338333438927
0.428655207148369,0.2023751755431908,0.2762049699413761,0.0002510335264287341,0.723795030058624,0,0.6666666666666666,0,0.02332273588436518
1.260143255410832,0.5237473767749462,0.4654317327109172,0,0.5345682672890828,0,0.6666666666666666,0,0.07748876024802195
0,0,0.5809359474404906,0.1319343164525663,0.4190640525595094,0.4958672570129465,0.4305474700457292,0,0.006253686796123837
1.141950271587585,0.6867938390891216,0.2157533721279225,1.748721771716667e-13,0.7842466278720774,0,0.6666666666666666,0,0.06199477538863114
0.9976385779946352,0.7124003503341083,0.5858723527445203,0.008261739990126691,0.4141276472554797,0,0.6666666666666666,0,0.08711407710792576
0.4180134316323564,0.3102836511854091,0.4077559178229083,0,0.5922440821770918,0,0.6666666666666666,0,0.03086875406342289
2.864075313020352,1.338244607850664,0.05915547660993654,0,0.9408445233900634,0,0.6666666666666666,0,0.1224048202865087
0.6835933293501515,0,0.6871395302510231,0,0.3128604697489769,0,0.6666666666666666,0,0.02707822106021985
1.844864312468686,1.844864312468686,0.394235925907901,0,0.6057640740920991,0,0.6666666666666666,0,0.155343672957408
1.72066100210683,0,0.9999999999977337,0.0001000100010001,2.266298260167332e-12,0,0.6666666666666666,0,0.06815812411311964
0.4204182667432172,0,0.7086685548068222,0,0.2913314451931778,0,0.6666666666666666,0,0.01665343746910106
0.8298183299313092,0.09505601405228824,0.5073586811142038,0.001778653995623122,0.4926413188857962,0,0.6666666666666666,0,0.03842451042931795
0.8614936862170368,0,0.6734089606034593,0,0.3265910393965407,0,0.6666666666666666,0,0.03412513767439019
1.843772799953987,1.084069378998798,0.5226198918970272,0.2242654315145649,0.4773801081029728,0,0.6666666666666666,0,0.1492269570645415
1.252400681870308,0.5130207108269139,0.4575128727686681,0.008811859535781855,0.5424871272313319,0,0.6666666666666666,0,0.07669855105738936
0.7824745019018505,0.1772247189159852,0.4769415324379094,0.001282065117452727,0.5230584675620906,0,0.6666666666666666,0,0.04063156159180104
0.6041863388789707,0.6041863388789707,0.7035704377679965,1.548534418069472,0.2964295622320035,0.4093836119032517,0.4554808466583317,0,0.1239347831375017
1.544737402351742,0.7663201707700438,0.05913715847053794,0.01886360621105719,0.9408628415294621,0,0.6666666666666666,0,0.06832286225380443
1.00025133453074,0,0.7235653787926807,0,0.2764346212073193,0,0.6666666666666666,0,0.03962154923008288
1.352906094486233,0,0.6575952281463214,0,0.3424047718536786,0,0.6666666666666666,0,0.0535907662162866
0.6763700276551921,0,0.7186044724896757,0,0.2813955275103243,0,0.6666666666666666,0,0.02679209456997643
0.1389417426639886,0,0.7412417980858883,0,0.2587582019141117,0,0.6666666666666666,0,0.005503703826256228
0.6966581571897672,0,0.9999999999968635,0.0004001600640256103,3.13649106686853e-12,0,0.6666666666666666,0,0.02759573970934314
1.949285372843492,0,0.6747134109349815,0,0.3252865890650185,0,0.6666666666666666,0,0.0772142997438067
0,0,1,0,0,0,1,0,0
1.153802329414776,0,0.6904300049307106,0,0.3095699950692894,0,0.6666666666666666,0,0.04570394881616322
1.507667487863193,0,0.99999999999495,0.0001764243220510773,5.049960449809987e-12,0,0.6666666666666666,0,0.0597211116154039
0.9679499898781136,0.5699727215372998,0.5341664912037415,0,0.4658335087962585,0,0.6666666666666666,0,0.0727793069875807
0.4171044007828156,0.1346243333756424,0.51574003238399,0.001136286988516349,0.48425996761601,0,0.6666666666666666,0,0.02443771226954791
0.4556127391513985,0.4375276270294434,0.5444768949111635,0.1904458189352987,0.4555231050888365,0,0.6666666666666666,0,0.05480534082795536
1.16619462160493,0.8548541117537857,0.645550445948613,0.2321026683104614,0.354449554051387,0,0.6666666666666666,0,0.1179196516882913
0.5849808627306188,0.1936465215450316,0.4390728231550979,0,0.5609271768449021,0,0.6666666666666666,0,0.03278912571388957
0.9237257710517222,0.5424817567500729,0.1974695879621835,0.02374684610678696,0.8025304120378165,0,0.6666666666666666,0,0.05086250655093788
0,0,0.7151440358279821,0.3452792466662027,0.2848559641720179,1.035346447123004,0.3111705463053696,0,0.01112483911865509
0.9820926971364429,0,0.9999999999996342,0.0004001600640256103,3.658184866139891e-13,0,0.6666666666666666,0,0.03890225666767221
0.4801579507673793,0.2666234422120864,0.3905735545980284,0,0.6094264454019716,0,0.6666666666666666,0,0.03079856904954192
0.6321514094194337,0,0.6870070446045893,0,0.3129929553954107,0,0.6666666666666666,0,0.02504052464066841
3.697271538149772,0,0.6913759289755667,0,0.3086240710244333,0,0.6666666666666666,0,0.1464548171130519
0.4175318066046959,0,0.7065409794210038,0,0.2934590205789962,0,0.6666666666666666,0,0.01653910018352989
1.96807122075247,0,0.9999999999935805,0.0001000100010001,6.41953157298758e-12,0,0.6666666666666666,0,0.07795843711414442
2.251124617481557,0,0.6897825726603222,0,0.3102174273396778,0,0.6666666666666666,0,0.08917063319534713
1.535257267536486,0,0.6564593042564231,0,0.3435406957435769,0,0.6666666666666666,0,0.06081398675171687
0.5902653107509752,0,0.6892169336692278,0,0.3107830663307722,0,0.6666666666666666,0,0.0233813495282182
0,0,0.7363992658117874,0.1964181292151368,0.2636007341882126,0.2045720753291072,0.5263327697046314,0,0.0058563379786577
0.7833249975594946,0,0.6654213922773459,0,0.3345786077226541,0,0.6666666666666666,0,0.03102875135729633
0.4296732384544039,0,0.9999999999917971,1.916444592714402e-05,8.202882817442969e-12,0,0.6666666666666666,0,0.01702004164609008
0.9260390765974578,0,0.6634080245693367,0,0.3365919754306633,0,0.6666666666666666,0,0.03668188343842611
0,0,1,0,0,0,1,0,0
1.259858021625734,0.6525649010410591,0.0588996154418233,0.01664949192999097,0.9411003845581767,0,0.6666666666666666,0,0.05602471937969433
0.974126909378369,0,0.9999999999994291,0.0004001600640256103,5.708766792622555e-13,0,0.6666666666666666,0,0.03858671912134044
0,0,1,0,0,0,1,0,0
1.245036620116754,1.245036620116754,0.4467983530643764,1.533484088735262,0.5532016469356236,0.1161763998256902,0.5659401862035334,0,0.2081917778629676
0.6284513277972311,0.1980655043114012,0.4986469153707906,0.0008889659788552242,0.5013530846292094,0,0.6666666666666666,0,0.03611557226877506
0.461264093140286,0,0.9992360679632494,0,0.0007639320367506253,0,0.6666666666666666,0,0.01827140573924003
0,0,1,0,0,0,1,0,0
1.579771983312954,0,0.6698318307145076,0,0.3301681692854924,0,0.6666666666666666,0,0.06257728557643474
1.078593931167741,0,0.6583465050385612,0,0.3416534949614388,0,0.6666666666666666,0,0.0427248243193601
0.1961539502439889,0.1674193758224046,0.4611767071424316,0,0.5388232928575684,0,0.6666666666666666,0,0.01650312273964749
1.655411141022056,0,0.6784032406408796,0,0.3215967593591204,0,0.6666666666666666,0,0.06557347314193204
1.293464270026556,0,0.6559477020566847,0,0.3440522979433153,0,0.6666666666666666,0,0.05123618083074447
1.574841872585079,1.083718835057813,0.554224045282627,0,0.445775954717373,0,0.6666666666666666,0,0.1303179897326542
1.509056791874519,0,0.9999999999971017,0.0004001600640256103,2.898348228086434e-12,0,0.6666666666666666,0,0.0597761441611053
0.4613020118662349,0.4433794446194957,0.6623286111901729,0.3093785056822824,0.3376713888098271,0,0.6666666666666666,0,0.06330520659524912
2.188080898038173,0.5434987920292625,0.02516880362599787,0.04159617929128396,0.9748311963740022,0,0.6666666666666666,0,0.09280710982335828
0.9783353161823889,0,0.6657664430679693,0,0.3342335569320307,0,0.6666666666666666,0,0.03875342082081275
1.433479916384084,0.9608808227606702,0.5772429491622523,0.06634843377309774,0.4227570508377477,0,0.6666666666666666,0,0.1226923953046762
0.6914816987287826,0,0.6798892106446,0,0.3201107893554,0,0.6666666666666666,0,0.02739069194117815
0.5820293352735197,0,0.9999999999998458,0.0004001600640256103,1.542099781204342e-13,0,0.6666666666666666,0,0.02305510941578605
0.55941120272819,0,0.9999999999910669,7.380319391361138e-06,8.933076500738935e-12,0,0.6666666666666666,0,0.02215916914437642
1.118466211288363,0,0.9999999999983693,0.0004001600640256103,1.63069557856943e-12,0,0.6666666666666666,0,0.04430422887017338
1.292159969548449,0,0.6462153998413113,0,0.3537846001586887,0,0.6666666666666666,0,0.05118451541044461
1.01261759062527,0.4457702368642087,0.5280469521867105,0.006323564650532442,0.4719530478132895,0,0.6666666666666666,0,0.06707346814716215
0.9779057619013263,0.1151034490173412,0.4920958396021154,0.001172170230153168,0.5079041603978847,0,0.6666666666666666,0,0.04521046851459733
0.3933133415407952,0,0.699702997680312,0,0.300297002319688,0,0.6666666666666666,0,0.01557976819097975
2.002739712517358,0,0.6761325732337207,0,0.3238674267662793,0,0.6666666666666666,0,0.07933171131611225
0,0,1,0,0,0,1,0,0
0.2781322461071083,0.2675352900253109,0.4397912930345957,0.1847676813643809,0.5602087069654043,0,0.6666666666666666,0,0.03603341546639486
0.4176923018391044,0.09462097170656694,0.5782384599735721,0.001691260864498205,0.4217615400264279,0,0.6666666666666666,0,0.02281473818684055
1.711050091489266,0.8816673810117864,0.3922052695655515,0.008656266796688064,0.6077947304344485,0,0.6666666666666666,0,0.107485065752815
2.093738131930439,0.8074062831769614,0.3152422907458063,0.2261914091060893,0.6847577092541937,0,0.6666666666666666,0,0.1292448992035753
0.3899559553331911,0.145922682484935,0.5819884746984608,0.000320881949751342,0.4180115253015392,0,0.6666666666666666,0,0.02506778367002566
0.5686356519639217,0.2075578787584612,0.3358038284205336,0.0005949949392393569,0.6641961715794664,0,0.6666666666666666,0,0.03045283220163661
0.8414237221020627,0.4119030956429652,0.4007419433455495,0.004798341556631279,0.5992580566544505,0,0.6666666666666666,0,0.05232595339563177
1.382190701930472,0.822666785494101,0.2219017968023399,0,0.7780982031976601,0,0.6666666666666666,0,0.0753990014198541
1.284568040864457,0,0.674228811193902,0,0.325771188806098,0,0.6666666666666666,0,0.0508837870177699
0.7989533504955382,0,0.7244045249001418,0,0.2755954750998582,0,0.6666666666666666,0,0.03164781532038615
1.725241061070924,0.8864789808495998,0.06126719740420452,0.002172287925127213,0.9387328025957955,0,0.6666666666666666,0,0.07471339605560115
1.64934453663907,0.9793012355945347,0.4485469213990049,0.02627678227353298,0.551453078600995,0,0.6666666666666666,0,0.1166568022500593
1.01801220842652,0,0.7118967881605814,0,0.2881032118394186,0,0.6666666666666666,0,0.04032508574649363
1.420323433639261,0.4337630251232607,0.4950043744942442,0.1311043003558001,0.5049956255057558,0,0.6666666666666666,0,0.08803610359186251
1.001645324160708,1.001645324160708,0.3321223378138526,0,0.6678776621861474,0,0.6666666666666666,0,0.07730466910384043
0,0,0.6675973524286102,0.517859895675723,0.3324026475713898,1.545071761886256,0.2335008214483865,0,0.0194703922345661
1.28826952113082,0,0.9999999999989347,0.0004001600640256103,1.065258992127838e-12,0,0.6666666666666666,0,0.05103040854931387
1.777877355855621,0,0.6568866809845095,0,0.3431133190154905,0,0.6666666666666666,0,0.07042455505758542
0.910854817722748,0.5907113910378029,0.4591843368404776,1.311039015940198e-12,0.5408156631595225,0,0.6666666666666666,0,0.06676076415818209
1.370237533827795,0,0.6557144237466603,0,0.3442855762533397,0,0.6666666666666666,0,0.05427729214571408
1.381685071836313,0,1,1.916444592714402e-05,0,0,0.6666666666666666,0,0.05473074736752645
1.076982896528429,0,0.6586998654023413,0,0.3413001345976587,0,0.6666666666666666,0,0.04266100867016352
1.257507256455613,0.665152665895013,0.1325265504517444,0.0006373893094817918,0.8674734495482556,0,0.6666666666666666,0,0.0598450266492262
0.8777007366511281,0.1134070179032599,0.5843990235198584,0,0.4156009764801416,0,0.6666666666666666,0,0.0422634316785833
0.974431504068035,0,0.6582276021540718,0,0.3417723978459282,0,0.6666666666666666,0,0.0385987846023602
1.932501644030044,1.001855017898821,0.04630333349531346,0.01137924908097259,0.9536966665046865,0,0.6666666666666666,0,0.08302401893950959
0.5858924805690602,0,0.6802682857100835,0,0.3197317142899165,0,0.6666666666666666,0,0.02320813475674395
0.9854298519056137,0.1348694435397984,0.5710854172757734,6.094358894886107e-05,0.4289145827242266,0,0.6666666666666666,0,0.0477492973220652
0.6916168577716957,0.6851196694259153,0.5426228137301532,1.321062276486856,0.4573771862698468,0.4067176214750248,0.4562867174183437,0,0.1377889674797951
0.3904256758852312,0.2235320533190808,0.2347500763241907,0,0.7652499236758094,0,0.6666666666666666,0,0.02140069437482925
1.822806945284274,0.8491007933116387,0.3829545398888625,0.06848097000047272,0.6170454601111375,0,0.6666666666666666,0,0.113763196709403
1.364694496708882,0,0.9999999999961516,0.0001764243220510773,3.84836607025818e-12,0,0.6666666666666666,0,0.05405772361277721
1.675095678696783,0.8677519041961214,0.04992239450056516,0.002168310189461029,0.9500776054994349,0,0.6666666666666666,0,0.07148614045656568
0.6565339583115258,0.3448335989149584,0.2850678552923679,0.0002727034034970413,0.7149321447076321,0,0.6666666666666666,0,0.03714715352009001
1.811330138432148,1.062487820899684,0.4700145645836187,0.05886904981950426,0.5299854354163813,0,0.6666666666666666,0,0.1317636624436781
1.026762701433526,0,0.6958265875984786,0,0.3041734124015214,0,0.6666666666666666,0,0.04067170671813908
1.577249492345295,0.8971533150082808,0.2172740624425075,0.004574895810288583,0.7827259375574924,0,0.6666666666666666,0,0.08493056466189439
1.191878971961628,0.6808084863737279,0.6920134525367021,0.2691945322765447,0.3079865474632979,0,0.6666666666666666,0,0.1098789010637512
0.5674447645818781,0.1924006267258944,0.2815580893631542,0,0.7184419106368458,0,0.6666666666666666,0,0.02860473780701948
1.174375092481114,0.632982465301314,0.3630632449428394,2.434572299626013e-12,0.6369367550571606,0,0.6666666666666666,0,0.0725127967150004
0.4296970176897362,0,0.7036428809249889,0,0.2963571190750111,0,0.6666666666666666,0,0.01702098357949305
0.923070583865684,0.5364924688539545,0.1890497428332009,0.02500425619092454,0.810950257166799,0,0.6666666666666666,0,0.05032979671858037
0.7183407236669156,0.4634532007464076,0.211117668951212,0.01261845723559657,0.788882331048788,0,0.6666666666666666,0,0.04064752569372016
0.9860475769286331,0,0.6561073175744233,0,0.3438926824255767,0,0.6666666666666666,0,0.03905891575821851
1.515673016867188,0.9658125902775059,0.1331675870582261,0,0.8668324129417739,0,0.6666666666666666,0,0.07458575600303549
0.7828822774325817,0,0.6684833108971706,0,0.3315166891028294,0,0.6666666666666666,0,0.03101121450760862
0.4779120510164162,0.4578733337813822,0.6759543628609803,0.3247691167411706,0.3240456371390197,0,0.6666666666666666,0,0.06584193809055371
0.8605989714109522,0,0.6567817026022141,0,0.3432182973977859,0,0.6666666666666666,0,0.03408969659522092
0.8449583472611187,0.37754672288591,0.418583914242271,0,0.581416085757729,0,0.6666666666666666,0,0.05134535794505131
0.1045718116991124,0.1045718116991124,0.7340631692737759,0.1744735993003332,0.2659368307262241,4.603283043280726e-05,0.6650342057267977,0,0.01807292950545256
0.536576178924733,0,0.7078616876334897,0,0.2921383123665103,0,0.6666666666666666,0,0.02125463746462292
0.1965238649695473,0,0.7331834808024361,0,0.2668165191975639,0,0.6666666666666666,0,0.007784623446096284
2.798297845458576,0,0.6720882141309066,0,0.3279117858690934,0,0.6666666666666666,0,0.1108450366589984
2.270958598055674,0,0.6925785677938109,0,0.3074214322061891,0,0.6666666666666666,0,0.08995628877071757
0.2259689034437167,0.2211897380707754,0.3420562159490824,0.2128810390335397,0.6579437840509177,0,0.6666666666666666,0,0.03335125437711051
0.9236961677666329,0.4294614451453946,0.5520679689244773,0,0.4479320310755227,0,0.6666666666666666,0,0.06340635409096493
0.3083677689807747,0.3083677689807747,0.525803367960698,0.4899212380438823,0.474196632039302,0.09008648842834077,0.5797374215272482,0,0.05683197418384479
0.3075314287864503,0.2645358713439144,0.460638227873937,0,0.539361772126063,0,0.6666666666666666,0,0.02596476990185061
1.266123412634079,0.7525771815011224,0.2212044992322572,0,0.7787955007677427,0,0.6666666666666666,0,0.06898284631916932
1.402974318103854,0.701532853219604,0.6978002785217262,0.06327520891821212,0.3021997214782738,0,0.6666666666666666,0,0.113107222725786
0.9144039973207106,0,0.6796390813855848,0,0.3203609186144152,0,0.6666666666666666,0,0.03622099940813804
2.180296335538689,0,0.9999999999979876,0.0004001600640256103,2.012390254435559e-12,0,0.6666666666666666,0,0.08636501208493097
0.5859689448547662,0,0.6922835749408224,0,0.3077164250591776,0,0.6666666666666666,0,0.02321116362894424
2.133240033456222,1.108075611203422,0.04374310430566354,0.01309723474706401,0.9562568956943365,0,0.6666666666666666,0,0.09140013153780636
0.4166569605615584,0,0.9999999999986933,0.0004001600640256103,1.306732499983809e-12,0,0.6666666666666666,0,0.01650444613772143
0.3617809590851654,0.1196441973098951,0.5505330772705816,0,0.4494669227294184,0,0.6666666666666666,0,0.02178100730479314
1.972349835243686,1.972349835243686,0.07683102845913048,0,0.9231689715408695,0,0.6666666666666666,0,0.09526822469386065
0.5825454833586832,0,0.7222436668816531,0,0.2777563331183469,0,0.6666666666666666,0,0.02307555486390531
0.4595037918725146,0,0.9999999999999885,0.0001764243220510773,1.154631945610163e-14,0,0.6666666666666666,0,0.01820167740103835
0.9883445475055812,0.5493695017388983,0.1529391866147576,0.01739385515906887,0.8470608133852424,0,0.6666666666666666,0,0.05031986364535294
0.4168887511710325,0.1670196190828421,0.5834784613311198,0,0.4165215386688802,0,0.6666666666666666,0,0.02753638552770068
0.5859105425572513,0.1728841967494691,0.3029817820301299,0,0.6970182179698701,0,0.6666666666666666,0,0.02913359652712427
0,0,1,0,0,0,1,0,0
0.1967202232274565,0.1966800416964446,0.5808422842126382,0.2551858160488615,0.4191577157873618,0.01149392037959274,0.6389522768178847,0,0.03281251811663442
0.7854849162400253,0,0.6680848894069655,0,0.3319151105930345,0,0.6666666666666666,0,0.0311143091779952
1.211342484175896,0.3111591712719172,0.405080154844955,0.002426484551366983,0.594919845155045,0,0.6666666666666666,0,0.06240326876209033
0.860583809793771,0.3188042724019177,0.2459365927075543,0,0.7540634072924457,0,0.6666666666666666,0,0.04295749516700777
0.1951073737026227,0,0.7304372613326691,0,0.2695627386673309,0,0.6666666666666666,0,0.007728513969878726
0.5546375076229823,0.5542682570757176,0.3969422122954709,0.54475452235797,0.6030577877045291,0,0.6666666666666666,0,0.08401397190213633
0.5573707111765083,0.1230852039119241,0.5126441770426209,4.163888492151263e-05,0.4873558229573791,0,0.6666666666666666,0,0.02921770518412084
1.458672301326351,0.8457939731159315,0.5313888458127107,0.3961946711616947,0.4686111541872893,0,0.6666666666666666,0,0.1296167504763647
1.25456103801186,0.5165801467393859,0.4594032195704062,0.00212004772580998,0.5405967804295938,0,0.6666666666666666,0,0.07666771127144779
1.175749793420956,0.716967694162794,0.2384903291727881,0,0.7615096708272119,0,0.6666666666666666,0,0.0659138499832931
1.06625065814967,0,0.9999999999988379,0.0004001600640256103,1.162070439875151e-12,0,0.6666666666666666,0,0.04223588760649358
1.452078115519696,0.8074261980286735,0.1221283118419523,0,0.8778716881580477,0,0.6666666666666666,0,0.06867278120855752
0.3904039340249109,0,0.7009830756222784,0,0.2990169243777216,0,0.6666666666666666,0,0.01546452192322538
0,0,1,0,0,0,1,0,0
0.3075095314823008,0.09837759606517019,0.5617422342793336,0,0.4382577657206664,0,0.6666666666666666,0,0.01843167960312689
0.3404579349018074,0,0.7177612276016966,0,0.2822387723983034,0,0.6666666666666666,0,0.0134860813105666
1.064516897998614,0,0.6499669146733574,0,0.3500330853266426,0,0.6666666666666666,0,0.04216721060421758
0.1649187444435327,0.1649187444435327,0.6937348007657145,0.4268777698423822,0.3062651992342855,0.003133335449405195,0.6527009006741777,0,0.03426115297566254
1.404899185843721,0,0.659720647023608,0,0.340279352976392,0,0.6666666666666666,0,0.05565029541432698
0.4297332994978551,0,0.9999999999741944,3.558725053849246e-07,2.580557989517729e-11,0,0.6666666666666666,0,0.01702242075972657
1.23051071661028,0,0.9999999999967217,0.0001764243220510773,3.278266547113162e-12,0,0.6666666666666666,0,0.04874249026540108
1.708661469321183,0,0.6540501235050545,0,0.3459498764949455,0,0.6666666666666666,0,0.06768280349859873
0.7885885350918552,0.3621944969737373,0.4258223349650348,1.010370093669742e-12,0.5741776650349653,0,0.6666666666666666,0,0.04868213830774606
0.5841174988698666,0.4609553014148454,0.618940209412687,0.005798186221990444,0.381059790587313,0,0.6666666666666666,0,0.0556582171358093
0.4613952171836455,0.3385212658300407,0.2788865940291083,0.01360589562589633,0.7211134059708917,0,0.6666666666666666,0,0.03006489041179283
2.775204285550017,0,0.9999999999941338,0.0004001600640256103,5.866196417514402e-12,0,0.6666666666666666,0,0.1099302639521532
0.1965307846148564,0,0.7314105396250254,0,0.2685894603749746,0,0.6666666666666666,0,0.00778489754427322
0.5835126268059341,0.4612930989309627,0.3657029897576343,0.005936319802710682,0.6342970102423657,0,0.6666666666666666,0,0.04262086554452531
0.2147147164963715,0,0.9999999999978304,0.0002236568091829523,2.169597834722481e-12,0,0.6666666666666666,0,0.008505192061628669
0.5908586072500295,0.4135508749843319,0.3274368467459751,0.01845338136377177,0.6725631532540249,0,0.6666666666666666,0,0.04012497687083541
0,0,1,0,0,0,1,0,0
1.545721844131653,1.074569179247115,0.6075710000233658,0.1771651346888699,0.3924289999766342,0,0.6666666666666666,0,0.142938798850107
1.182891203997751,0,0.6584123329845937,0,0.3415876670154063,0,0.6666666666666666,0,0.04685620549060982
0,0,0.6177401218613353,0.9533141468187474,0.3822598781386647,1.415822305695826,0.2508741651965845,0,0.04121854921037758
1.236241733807518,0.6720240318221606,0.4927375758543803,0,0.5072624241456197,0,0.6666666666666666,0,0.08642352456983399
0.8349781752668266,0.4073868897204873,0.47911935867145,0,0.5208806413285501,0,0.6666666666666666,0,0.05515225608809467
1.02252392584591,0,0.6774973992473781,0,0.3225026007526219,0,0.6666666666666666,0,0.04050380206275685
1.166043902263959,0.12593292781678,0.3898469066302058,0,0.6101530933697942,0,0.6666666666666666,0,0.05174190390077076
0.4296024089657298,0.2036766571126198,0.275316648919431,0,0.724683351080569,0,0.6666666666666666,0,0.02335989960565393
1.676344491150479,0.6329943808950624,0.0709971986970179,0.05535028887923087,0.9290028013029821,0,0.6666666666666666,0,0.07730203790742818
1.232345570329976,0,0.6692934281726873,0,0.3307065718273127,0,0.6666666666666666,0,0.04881517174502017
0.4297053664481126,0,0.9999999999803586,2.439191536460792e-06,1.964139961785349e-11,0,0.6666666666666666,0,0.01702131428711582
2.578525549603459,1.153584084393257,0.419552373716448,0.3707338380281681,0.5804476262835521,0,0.6666666666666666,0,0.1812232576971235
1.832278778680034,1.045072794320537,0.1755991678999596,0,0.8244008321000404,0,0.6666666666666666,0,0.09333659476775649
1.092592936346523,1.092592936346523,0.7177231757192131,2.395751536075941,0.2822768242807869,0.4007404232062868,0.4581022944345204,0,0.2084690519006759
2.421820554935609,1.277645168541492,0.3406136071132532,0.08247305579082241,0.6593863928867468,0,0.6666666666666666,0,0.1513064720636489
0.7874603584773949,0,0.6801150824676168,0,0.3198849175323832,0,0.6666666666666666,0,0.0311925595928231
0.8930143920738844,0.2371944425234515,0.2046042084171699,0.001067597803601457,0.79539579158283,0,0.6666666666666666,0,0.0409590718457811
2.543573873066132,1.343876830032743,0.1478509156395399,0.001588868597922866,0.8521490843604601,0,0.6666666666666666,0,0.1233822133486993
0.9764502669811184,0,0.6585855530450035,0,0.3414144469549965,0,0.6666666666666666,0,0.03867875101818323
0.9802128580788235,0,0.6715384056246966,0,0.3284615943753034,0,0.6666666666666666,0,0.03882779324713499
1.581525301580698,0,0.7065472356737379,0,0.2934527643262621,0,0.6666666666666666,0,0.06264673730687796
0.5909607843611904,0.4662553008553814,0.5940137675777996,0,0.4059862324222004,0,0.6666666666666666,0,0.05473585743741313
1.576180511517069,0.7537374158694998,0.05707030747675439,0.01371625143468372,0.9429296925232457,0,0.6666666666666666,0,0.06876342358542167
1.346155914885407,0,0.6950413849828272,0,0.3049586150171728,0,0.6666666666666666,0,0.05332338084609702
3.38929458244953,1.770827182718046,0.08815630633891888,0,0.9118436936610811,0,0.6666666666666666,0,0.1519127899119793
0.6822231328683745,0.6577031732434541,0.6460841723699731,0.06808331907887613,0.3539158276300269,0,0.6666666666666666,0,0.07781307438918143
0.7120398261369697,0.326550662228998,0.4280445293767958,0.0006800018428756718,0.5719554706232042,0,0.6666666666666666,0,0.04405922751607345
3.25258030295778,1.613384817782543,0.146816711752504,0,0.853183288247496,0,0.6666666666666666,0,0.1556322755556942
1.435765795819123,0.8134156010297244,0.3925739106810547,0.01771991494016884,0.6074260893189454,0,0.6666666666666666,0,0.09420910703341263
0.4650855771539929,0.4650855771539929,0.6434696478946691,1.209206876246296,0.3565303521053309,0.5406089312216125,0.4184747484183158,0,0.1010363190419329
0.7953493558750415,0.2248975591143133,0.2395780803107448,0.0003953382305526263,0.7604219196892552,0,0.6666666666666666,0,0.03763344203378251
1.01048843976298,0,0.7211125321740298,0,0.2788874678259702,0,0.6666666666666666,0,0.04002705728084004
1.138906626761606,0.6997723553183409,0.4242430661472795,0.003693097791251702,0.5757569338527205,0,0.6666666666666666,0,0.07893354661862194
0.4164447881667251,0.3961851192616827,0.7023552006883073,0.0467795047373834,0.2976447993116927,0,0.6666666666666666,0,0.04954500776698613
2.481975902925314,1.211105441717999,0.1313915434826919,0.03277028264945844,0.8686084565173081,0,0.6666666666666666,0,0.1195335785149058
0.195868042862544,0.1952321130649014,0.6784262793544406,0.07669099612800678,0.3215737206455594,0,0.6666666666666666,0,0.02552950438933941
0.390211520171461,0,0.9999999999992764,0.0004001600640256103,7.23643367450677e-13,0,0.6666666666666666,0,0.01545690010388478
1.075262371702983,0.7524909591389071,0.3977136307288789,0,0.6022863692711211,0,0.6666666666666666,0,0.07644371611612544
0.08647331570510899,0.08647331570510899,0.7309340650389339,0.2231870169667604,0.2690659349610661,6.962833369783539e-05,0.6646565742138754,0,0.01736699580948583
0.8538023657431426,0.5553435034049331,0.5050513519041212,0,0.4949486480958788,0,0.6666666666666666,0,0.06554500102514291
0.6692069620076639,0.655822645079735,0.1584202478628631,0.6315435506116853,0.8415797521371369,0,0.6666666666666666,0,0.09837679449412214
0,0,1,0,0,0,1,0,0
0,0,1,0,0,0,1,0,0
0.7011124777602104,0,0.9999999999993608,0.0004001600640256103,6.391553952767026e-13,0,0.6666666666666666,0,0.02777218244495926
0.2147346199337114,0,0.9999999999994943,0.0004001600640256103,5.057065877167588e-13,0,0.6666666666666666,0,0.008505980468497185
0,0,0.7248460624576183,0.4025480055607333,0.2751539375423817,1.333119079942954,0.2627484378638656,0,0.01252827731912508
0,0,0.3986132553802877,1.993603467119581,0.6013867446197123,4.681794099173601,0.0444336329982955,0,0.1356096448177115
0.1388586570600161,0.1388031135971921,0.6509009895008974,0.02039414215540613,0.3490990104991026,0,0.6666666666666666,0,0.01652478888824442
1.493811634787985,0.8099807252394288,0.1273792965886806,0.01377368802008683,0.8726207034113194,0,0.6666666666666666,0,0.07220175864168071
0.8585162305733335,0.6566389782618893,0.6492446607880625,0.1261631952432107,0.3507553392119375,0,0.6666666666666666,0,0.08723319376819885
0.6766513312646693,0.3529871254949998,0.6658338981779592,0.01318122266203168,0.3341661018220408,0,0.6666666666666666,0,0.05388559762147493
0.7699916084626093,0.3450246376119619,0.685402433154824,0.0008558397664868929,0.314597566845176,0,0.6666666666666666,0,0.05727919540505331
0.4292506495530443,0,7.698133363419777e-07,0,0.9999992301866637,0,0.6666666666666666,0,0.01700330222632496
0.4676584017353584,0.4660517185707378,0.4706434091284058,0.7384423419226628,0.5293565908715943,0.1767973785862011,0.5378871712252435,0,0.08754885004269521
0.4650140591601607,0.4650140591601607,0.2168232331364076,1.099277889145155,0.7831767668635924,1.597712547211415,0.2268107980404072,0,0.1272032628130494
0.6789513761898303,0.5577602942933886,0.6434136156966858,0,0.3565863843033142,0,0.6666666666666666,0,0.06748591021038014
0.6420271354664452,0.2245877123560647,0.5340580184827113,0.0008445316250684067,0.4659419815172887,0,0.6666666666666666,0,0.03904286908685079
0.5883009684331921,0.1670881420959952,0.2700402130383813,0.0003112198173785661,0.7299597869616188,0,0.6666666666666666,0,0.02843278054167603
0.1961187936426685,0.1833323339421639,0.5788162732540768,0.4805145915857165,0.4211837267459232,0.1775902952018811,0.5375478005231781,0,0.04266284260464574
0.9946856044414641,0.598056048256896,0.3477812813095906,0.003900250533391044,0.6522187186904094,0,0.6666666666666666,0,0.06321469947447347
0.1358552666822957,0.1358552666822957,0.6813057798221435,0.3513694037181717,0.3186942201778565,0.0008794931097781955,0.659407823130835,0,0.02851661658819205
0,0,1,0,0,0,1,0,0
1.123312358755296,0.6777895227643157,0.2439879287517776,0.001428431612997042,0.7560120712482225,0,0.6666666666666666,0,0.06332348797577261
0.1965266910649183,0,0.7312283045688344,0,0.2687716954311656,0,0.6666666666666666,0,0.007784735392237229
0.5852999606481987,0,0.999999999997816,0.0004001600640256103,2.184030734042608e-12,0,0.6666666666666666,0,0.02318466409851674
3.804450027377271,1.894078836564489,0.08335881606696435,0.018817442335632,0.9166411839330356,0,0.6666666666666666,0,0.170509935904768
0.1399616836933818,0,0.7403883389333996,0,0.2596116610666004,0,0.6666666666666666,0,0.005544105315674739
0.1965255198830806,0,0.9999999999796988,2.439191536460792e-06,2.030120516138822e-11,0,0.6666666666666666,0,0.0077846889998584
0.3620046227261178,0,0.7115009555367187,0,0.2884990444632813,0,0.6666666666666666,0,0.01433957994926293
1.340515150397974,0.795476831669566,0.3669478888839052,0.006880474217315818,0.6330521111160948,0,0.6666666666666666,0,0.08660902281212804
0,0,1,0,0,0,1,0,0
0.3930543426976798,0.3656679846524011,0.7059765487817755,0.06157823277842561,0.2940234512182245,0,0.6666666666666666,0,0.04681688410970449
0.9063526647411879,0.2592777326659294,0.2539981912792979,3.699777415423551e-05,0.7460018087207021,0,0.6666666666666666,0,0.04335412340453596
0,0,0.5791419144070721,0.1426955623026683,0.4208580855929279,0.5336700165053614,0.4203135121951734,0,0.00679272588419115
0.3618090799477482,0.1194105010758247,0.5508530607804518,0.0002497699464288649,0.4491469392195482,0,0.6666666666666666,0,0.02178457967847236
